,MAOPRATE Index,BTRR1DAY Index,MXONBR Index,PRRRONUS Index,IDBIRRPO Index,SARPRT Index,NZOCR Index,SWRRATEI Index,KORP7DR Index,RBATCTR Index,INRPYLDP Index,POREANN Index,CABROVER Index,BZSTSETA Index,CHOVCHOV Index,FDTR Index,SZLTDEP Index,NOBRDEPA Index,UKBRBASE Index,EURR002W Index,RREFKANN Index,CORRRMIN Index,TUBR1WRA Index,BUBOR03M Index,BUBR3M Index,PRIB03M Index,TDSF90D Index,PREF3MO Index,KLIB3M Index,JIBA3M Index,MXIBTIIE Index,CHIBPROM Index,COOVIBR Index,MOSKP3 Index,TRLIB3M Index,WIBR3M Index
,PX_Last,PX_Last,PX_Last,PX_Last,PX_Last,PX_Last,PX_Last,PX_Last,PX_Last,PX_Last,PX_Last,PX_Last,PX_Last,PX_Last,PX_Last,PX_Last,PX_Last,PX_Last,PX_Last,PX_Last,PX_Last,PX_Last,PX_Last,PX_Last,PX_Last,PX_Last,PX_Last,PX_Last,PX_Last,PX_Last,PX_Last,PX_Last,PX_Last,PX_Last,PX_Last,PX_Last
2020-01-01,3.0,,,,,,,,,,,,1.75,4.5,,1.75,,,0.75,0.0,,4.25,,0.16,,,,,,,,,,,,
2020-01-02,3.0,,7.25,2.25,,6.5,,,,,,,1.75,4.5,1.75,1.75,,,0.75,0.0,,4.25,,0.16,,2.18,0.7287,3.034,3.35,6.8,7.5525,1.75,4.114,,11.0218,1.71
2020-01-03,3.0,,7.25,2.25,,6.5,,,,,,,1.75,4.5,1.75,1.75,,,0.75,0.0,,4.25,,0.16,3.03,2.17,0.7287,3.195,3.35,6.8,7.5495,1.75,4.116,,11.0218,1.71
2020-01-06,3.0,,7.25,2.25,,6.5,,,,,,,1.75,4.5,1.75,1.75,,,0.75,0.0,,4.25,,0.16,3.02,2.17,0.7287,3.194,3.35,6.8,7.5475,1.75,,,11.0218,
2020-01-07,3.0,,7.25,2.25,,6.5,,,,,,,1.75,4.5,1.75,1.75,,,0.75,0.0,,4.25,,0.16,3.02,2.17,0.7287,3.302,3.35,6.8,7.545,1.73,4.112,,11.1518,1.71
2020-01-08,3.0,,7.25,2.25,,6.5,,,,,,1.5,1.75,4.5,1.75,1.75,,,0.75,0.0,,4.25,,0.16,3.02,2.17,0.7287,3.3689999999999998,3.34,6.8,7.5425,1.75,4.109,6.45,11.2815,1.71
2020-01-09,3.0,,7.25,2.25,,6.5,,,,,,,1.75,4.5,1.75,1.75,,,0.75,0.0,,4.25,,0.16,3.02,2.17,0.7287,3.3609999999999998,3.33,6.8,7.5425,1.75,4.11,6.42,11.2253,1.71
2020-01-10,3.0,,7.25,2.25,,6.5,,,,,,,1.75,4.5,1.75,1.75,,,0.75,0.0,,4.25,,0.16,3.02,2.17,0.7287,3.401,3.33,6.8,7.5402000000000005,1.75,4.112,6.43,11.1258,1.71
2020-01-13,3.0,,7.25,2.25,,6.5,,,,,,,1.75,4.5,1.75,1.75,,,0.75,0.0,,4.25,,0.16,3.02,2.17,0.7287,,3.33,6.8,7.5381,1.72,4.11,6.45,11.069,1.71
2020-01-14,3.0,,7.25,2.25,,6.5,,,,,,,1.75,4.5,1.75,1.75,,,0.75,0.0,,4.25,,0.16,3.02,2.17,0.7287,3.286,3.33,6.8,7.5375,,4.107,6.47,11.091,1.71
2020-01-15,3.0,,7.25,2.25,,6.5,,,,,,,1.75,4.5,1.75,1.75,,,0.75,0.0,,4.25,,0.16,3.02,2.17,0.7287,3.204,3.33,6.8,7.53,1.75,4.107,6.47,11.0248,1.71
2020-01-16,3.0,,7.25,2.25,,6.5,,,,,,,1.75,4.5,1.75,1.75,,,0.75,0.0,,4.25,11.25,0.16,3.015,2.17,0.7287,3.149,3.33,6.8,7.525,1.75,4.107,6.47,10.8908,1.71
2020-01-17,3.0,,7.25,2.25,,6.25,,,1.25,,,,1.75,4.5,1.75,1.75,,,0.75,0.0,,4.25,,0.16,3.005,2.17,0.7287,3.066,3.33,6.592,7.53,1.75,4.107,6.45,10.4673,1.71
2020-01-20,3.0,,7.25,2.25,,6.25,,,,,,,1.75,4.5,1.75,1.75,,,0.75,0.0,,4.25,,0.16,3.0,2.17,0.7287,3.166,3.33,6.567,7.525,1.75,4.105,6.44,10.2328,1.71
2020-01-21,3.0,,7.25,2.25,,6.25,,,,,,,1.75,4.5,1.75,1.75,,,0.75,0.0,,4.25,,0.17,3.0,2.17,0.7287,3.092,3.32,6.558,7.5225,1.75,4.107,6.44,10.2343,1.71
2020-01-22,2.75,,7.25,2.25,,6.25,,,,,,,1.75,4.5,1.75,1.75,,,0.75,0.0,,4.25,,0.18,3.0,2.17,0.7287,3.036,3.32,6.558,7.5215,1.75,4.107,6.44,10.2313,1.71
2020-01-23,2.75,,7.25,2.25,5.0,6.25,,,,,,,1.75,4.5,1.75,1.75,,1.5,0.75,0.0,,4.25,,0.19,3.0,2.17,,3.152,3.09,6.558,7.5225,1.75,4.108,6.45,10.2313,1.71
2020-01-24,2.75,,7.25,2.25,,6.25,,,,,,,1.75,4.5,1.75,1.75,,,0.75,0.0,,4.25,,0.19,,2.17,,3.102,3.1,6.558,7.5202,1.75,4.108,6.46,10.2313,1.71
2020-01-25,,,,,,,,,,,,,,,,,,,,,,,,0.19,,,,,,,,,,,,
2020-01-27,2.75,,7.25,2.25,,6.25,,,,,,,1.75,4.5,1.75,1.75,,,0.75,0.0,,4.25,,0.2,3.005,2.17,,2.979,,6.558,7.51,1.75,4.109,6.46,10.2328,1.71
2020-01-28,2.75,,7.25,2.25,,6.25,,,,,,,1.75,4.5,1.75,1.75,,,0.75,0.0,,4.25,,0.22,3.015,2.17,,2.948,3.1,6.567,7.5065,1.75,4.109,6.46,10.2313,1.71
2020-01-29,2.75,,7.25,2.25,,6.25,,,,,,,1.75,4.5,1.75,1.75,,,0.75,0.0,,4.25,,0.23,3.02,2.17,,2.988,3.1,6.558,7.5024999999999995,1.75,4.109,6.46,10.23,1.71
2020-01-30,2.75,,7.25,2.25,,6.25,,,,,,,1.75,4.5,1.75,1.75,,,0.75,0.0,,4.25,,0.23,3.02,2.16,0.7287,3.018,3.1,6.558,7.5001999999999995,1.75,4.107,6.46,10.23,1.71
2020-01-31,2.75,,7.25,2.25,,6.25,,,,,,,1.75,4.5,1.75,1.75,,,0.75,0.0,,4.25,,0.24,3.01,2.16,0.7287,3.086,3.1,6.558,7.4951,1.75,4.109,6.46,10.23,1.71
2020-02-03,2.75,,,2.25,,6.25,,,,,,,1.75,4.5,1.75,1.75,,,0.75,0.0,,4.25,,0.24,3.01,2.16,0.7287,3.117,3.1,6.558,,1.75,4.109,6.46,10.2313,1.71
2020-02-04,2.75,,7.25,2.25,,6.25,,,,0.75,,,1.75,4.5,1.75,1.75,,,0.75,0.0,,4.25,,0.26,2.995,2.16,0.727,3.129,3.09,6.558,7.4937000000000005,1.75,4.107,6.46,10.2313,1.71
2020-02-05,2.75,1.0,7.25,2.25,,6.25,,,,,,1.5,1.75,4.25,1.75,1.75,,,0.75,0.0,,4.25,,0.29,3.0,2.16,0.727,3.117,3.09,6.558,7.4925,1.75,4.108,6.46,10.2313,1.71
2020-02-06,2.75,,7.25,2.25,,6.25,,,,,5.15,,1.75,4.25,1.75,1.75,,,0.75,0.0,,4.25,,0.3,3.02,2.16,0.727,3.202,3.09,6.558,7.4915,,4.108,6.46,10.2313,1.71
2020-02-07,2.75,,7.25,2.25,,6.25,,,,,,,1.75,4.25,1.75,1.75,,,0.75,0.0,6.0,4.25,,0.31,3.005,2.39,0.727,3.268,3.09,6.558,7.4892,1.75,4.108,6.45,10.2463,1.71
2020-02-10,2.75,,7.25,2.25,,6.25,,,,,,,1.75,4.25,1.75,1.75,,,0.75,0.0,,4.25,,0.32,3.01,2.39,0.727,3.315,3.09,6.558,7.4875,1.75,4.106,6.35,10.2741,1.71
2020-02-11,2.75,,7.25,2.25,,6.25,,,,,,,1.75,4.25,1.75,1.75,,,0.75,0.0,,4.25,,0.34,3.01,2.39,0.727,3.375,3.09,6.558,7.4837,1.75,4.107,6.28,10.3,1.71
2020-02-12,2.75,,7.25,2.25,,6.25,1.0,0.0,,,,,1.75,4.25,1.75,1.75,,,0.75,0.0,,4.25,,0.36,3.0,2.39,0.727,3.408,3.09,6.558,7.4812,,4.105,6.27,10.3728,1.71
2020-02-13,2.75,,7.0,2.25,,6.25,,,,,,,1.75,4.25,1.75,1.75,,,0.75,0.0,,4.25,,0.42,2.99,2.39,0.727,3.286,3.09,6.558,7.45,1.75,4.106,6.28,10.3728,1.71
2020-02-14,2.75,,7.0,2.25,,6.25,,,,,,,1.75,4.25,1.75,1.75,,,0.75,0.0,,4.25,,0.5,2.99,2.39,0.7227,3.275,3.09,6.558,7.33,1.75,4.106,6.28,10.3938,1.71
2020-02-15,,,,,,,,,,,,,,,,,,,,,,,,,,,0.7227,,,,,,,,,
2020-02-17,2.75,,7.0,2.25,,6.25,,,,,,,1.75,4.25,1.75,1.75,,,0.75,0.0,,4.25,,0.58,2.955,2.39,0.7227,3.261,3.09,6.558,7.315,1.75,4.108,6.28,10.4348,1.71
2020-02-18,2.75,,7.0,2.25,,6.25,,,,,,,1.75,4.25,1.75,1.75,,,0.75,0.0,,4.25,,0.63,2.93,2.39,0.7227,3.226,3.09,6.558,7.31,1.75,4.106,6.27,10.4348,1.71
2020-02-19,2.75,,7.0,2.25,,6.25,,,,,,,1.75,4.25,1.75,1.75,,,0.75,0.0,,4.25,10.75,0.61,2.88,2.39,0.7227,3.4,3.09,6.558,7.305,1.75,4.105,6.24,10.3108,1.71
2020-02-20,2.75,,7.0,2.25,4.75,6.25,,,,,,,1.75,4.25,1.75,1.75,,,0.75,0.0,,4.25,,0.6,2.865,2.39,0.7207,3.366,3.09,6.55,7.3012,1.75,4.108,6.23,10.201,1.71
2020-02-21,2.75,,7.0,2.25,,6.25,,,,,,,1.75,4.25,1.75,1.75,,,0.75,0.0,,4.25,,0.6,2.825,2.39,0.7207,3.341,3.09,6.542,7.303,1.75,4.106,6.23,10.2113,1.71
2020-02-24,2.75,,7.0,2.25,,6.25,,,,,,,1.75,4.25,1.75,1.75,,,0.75,0.0,,4.25,,0.6,2.82,2.39,0.7207,3.445,3.09,6.542,7.3015,1.75,4.105,,10.2272,1.71
2020-02-25,2.75,,7.0,2.25,,6.25,,,,,,,1.75,4.25,1.75,1.75,,,0.75,0.0,,4.25,,0.6,2.8,2.39,0.7207,,3.09,6.542,7.3,1.75,4.105,6.23,10.181,1.71
2020-02-26,2.75,,7.0,2.25,,6.25,,,,,,,1.75,4.25,1.75,1.75,,,0.75,0.0,,4.25,,0.6,2.79,2.39,0.7207,3.457,3.09,6.542,7.295,1.75,4.106,6.23,10.2248,1.71
2020-02-27,2.75,,7.0,2.25,,6.25,,,1.25,,,,1.75,4.25,1.75,1.75,,,0.75,0.0,,4.25,,0.6,2.785,2.39,0.7207,3.625,3.09,6.508,7.295,1.75,4.105,6.23,10.181,1.71
2020-02-28,2.75,,7.0,2.25,,6.25,,,,,,,1.75,4.25,1.75,1.75,,,0.75,0.0,,4.25,,0.61,2.775,2.38,,3.446,3.08,6.508,7.2925,1.75,4.108,6.26,10.191,1.71
2020-03-02,2.75,,7.0,2.25,,6.25,,,,,,,1.75,4.25,1.75,1.75,,,0.75,0.0,,4.25,,0.63,2.785,2.37,0.7207,3.628,3.08,6.508,7.2812,1.75,4.108,6.27,10.2568,1.71
2020-03-03,2.5,,7.0,2.25,,6.25,,,,0.5,,,1.75,4.25,1.75,1.25,,,0.75,0.0,,4.25,,0.64,2.785,2.35,0.7207,3.5540000000000003,3.08,6.508,7.265,1.75,4.105,6.26,10.2568,1.7
2020-03-04,2.5,,7.0,2.25,,6.25,,,,,,1.5,1.25,4.25,1.75,1.25,,,0.75,0.0,,4.25,,0.64,2.735,2.34,0.7207,3.349,2.83,6.508,7.2525,1.75,4.108,6.28,10.2228,1.7
2020-03-05,2.5,,7.0,2.25,,6.25,,,,,,,1.25,4.25,1.75,1.25,,,0.75,0.0,,4.25,,0.65,2.71,2.34,0.7207,3.498,2.83,6.492,7.2412,1.75,4.107,6.26,10.2228,1.7
2020-03-06,2.5,,7.0,2.25,,6.25,,,,,,,1.25,4.25,1.75,1.25,,,0.75,0.0,,4.25,,0.66,2.675,2.34,0.7207,3.01,2.82,6.483,7.235,1.75,4.107,6.26,10.2568,1.7
2020-03-09,2.5,,7.0,2.25,,6.25,,,,,,,1.25,4.25,1.75,1.25,,,0.75,0.0,,4.25,,0.69,2.69,2.34,0.7207,3.064,2.81,6.475,7.2275,1.75,4.109,,10.2568,1.7
2020-03-10,2.5,,7.0,2.25,,6.25,,,,,,,1.25,4.25,1.75,1.25,,,0.75,0.0,,4.25,,0.69,2.685,2.34,0.7207,3.07,2.8,6.467,7.2262,1.75,4.11,6.33,10.2568,1.69
2020-03-11,2.5,,7.0,2.25,,6.25,,,,,,,1.25,4.25,1.75,1.25,,,0.25,0.0,,4.25,,0.67,2.675,2.33,0.7207,2.911,2.79,6.467,7.2175,1.75,4.107,6.29,10.2568,1.69
2020-03-12,2.5,,7.0,2.25,,6.25,,,,,,,1.25,4.25,1.75,1.25,,,0.25,0.0,,4.25,,0.66,2.705,2.32,0.7207,2.965,2.79,6.408,7.2187,1.75,4.105,6.38,10.2688,1.69
2020-03-13,2.5,,7.0,2.25,,6.25,,,,,,,0.75,4.25,1.75,1.25,,1.0,0.25,0.0,,4.25,,0.66,2.815,2.31,0.7207,3.233,2.79,6.375,7.217,1.75,4.107,6.53,10.2688,1.69
2020-03-16,2.5,,,2.25,,6.25,0.25,,0.75,,,,0.75,4.25,1.0,0.25,,,0.25,0.0,,4.25,,0.67,2.88,2.31,0.7207,3.247,2.7800000000000002,6.383,,1.75,4.107,6.6,10.2898,1.6
2020-03-17,2.5,,7.0,2.25,,6.25,,,,,,1.0,0.75,4.25,1.0,0.25,,,0.25,0.0,,4.25,9.75,0.65,2.99,1.83,0.7207,,2.7800000000000002,6.392,7.21,1.0,4.103,6.68,10.2742,1.5
2020-03-18,2.5,,7.0,2.25,,6.25,,,,,,,0.75,3.75,1.0,0.25,,,0.25,0.0,,4.25,,0.63,3.04,1.8,0.7207,4.413,2.7800000000000002,6.383,7.2075,1.0,4.095,6.68,9.4563,1.22
2020-03-19,2.5,,7.0,1.25,4.5,6.25,,,,0.25,,,0.75,3.75,1.0,0.25,-0.75,,0.1,0.0,,4.25,,0.61,3.08,1.79,0.7207,5.548,2.79,6.342,7.205,1.0,4.087,6.68,9.45,1.19
2020-03-20,2.5,0.75,6.5,1.25,,5.25,,,,,,,0.75,3.75,1.0,0.25,,0.25,0.1,0.0,6.0,4.25,,0.59,3.075,1.78,0.675,4.062,2.79,5.558,7.2025,1.0,4.045,6.68,9.45,1.18
2020-03-23,2.5,,6.5,1.25,,5.25,,,,,,,0.75,3.75,1.0,0.25,,,0.1,0.0,,4.25,,0.58,2.45,1.76,0.667,4.126,2.79,5.575,6.8149999999999995,1.0,,6.67,9.45,1.18
2020-03-24,2.5,,6.5,1.25,,5.25,,,,,,,0.75,3.75,1.0,0.25,,,0.1,0.0,,4.25,,0.55,2.46,1.74,0.6637,4.264,2.8,5.608,6.785,1.0,4.01,6.72,9.45,1.17
2020-03-25,2.5,0.75,6.5,1.25,,5.25,,,,,,,0.75,3.75,1.0,0.25,,,0.1,0.0,,4.25,,0.5,2.44,1.72,0.6597,4.981,2.8,5.65,6.7675,1.0,3.975,6.73,9.45,1.17
2020-03-26,2.5,,6.5,1.25,,5.25,,,,,,,0.75,3.75,1.0,0.25,,,0.1,0.0,,4.25,,0.47,2.43,1.71,0.646,4.618,2.8,5.658,6.7587,1.0,3.9050000000000002,6.7,9.45,1.17
2020-03-27,2.5,,6.5,1.25,,5.25,,,,,4.4,,0.25,3.75,1.0,0.25,,,0.1,0.0,,4.25,,0.45,2.415,1.08,0.6443,4.354,2.8,5.675,6.7487,1.0,3.7800000000000002,6.68,9.45,1.17
2020-03-30,2.5,,6.5,1.25,,5.25,,,,,,,0.25,3.75,1.0,0.25,,,0.1,0.0,,3.75,,0.45,2.4,1.04,0.6443,4.095,2.8,5.625,6.74,,3.6,,9.45,1.17
2020-03-31,2.5,,6.5,1.25,,5.25,,,,,,,0.25,3.75,0.5,0.25,,,0.1,0.0,,3.75,,0.46,2.4,1.03,0.6443,3.952,2.8,5.608,6.71,,3.555,,9.45,1.17
2020-04-01,2.5,,6.5,1.25,,5.25,,,,,,,0.25,3.75,0.5,0.25,,,0.1,0.0,,3.75,,0.47,2.4,1.02,0.6443,4.099,2.8,5.608,6.7025,,3.533,,9.45,1.17
2020-04-02,2.5,,6.5,1.25,,5.25,,,,,,,0.25,3.75,0.5,0.25,,,0.1,0.0,,3.75,,0.85,2.415,1.02,,4.168,2.8,5.608,6.7,,3.6,,9.45,1.17
2020-04-03,2.5,,6.5,1.25,,5.25,,,,,,,0.25,3.75,0.5,0.25,,,0.1,0.0,,3.75,,0.92,2.4,1.01,,4.338,2.8,5.608,6.6899999999999995,,3.593,,9.45,1.17
2020-04-06,2.5,,6.5,1.25,,5.25,,,,,,,0.25,3.75,0.5,0.25,,,0.1,0.0,,3.75,,0.93,2.395,1.01,0.641,4.198,2.8,5.608,6.6850000000000005,,3.5,6.6,9.45,1.17
2020-04-07,2.5,,6.5,1.25,,5.25,,,,0.25,,,0.25,3.75,0.5,0.25,,,0.1,0.0,,3.75,,0.92,2.395,1.01,0.6377,4.149,2.8,5.608,6.6775,,3.461,6.53,9.45,1.17
2020-04-08,2.5,,6.5,1.25,,5.25,,,,,,0.5,0.25,3.75,0.5,0.25,,,0.1,0.0,,3.75,,1.1,2.395,1.0,0.6377,4.17,2.8,5.6,6.6487,,3.465,6.53,9.45,1.17
2020-04-09,2.5,,,0.25,,5.25,,,0.75,,,,0.25,3.75,0.5,0.25,,,0.1,0.0,,3.75,,1.1,2.39,1.0,0.6377,,2.8,5.6,,0.5,,6.52,9.45,0.71
2020-04-10,2.5,,,,,,,,,,,,0.25,3.75,,0.25,,,0.1,0.0,,3.75,,,2.375,,0.6377,,2.8,,,,,6.53,9.45,0.7
2020-04-13,2.5,,6.5,0.25,,,,,,,,,0.25,3.75,0.5,0.25,,,0.1,0.0,,3.75,,,2.37,,0.6377,3.741,2.8,,6.6418,0.5,3.408,6.53,9.45,
2020-04-14,2.5,,6.5,0.25,4.5,5.25,,,,,,,0.25,3.75,0.5,0.25,,,0.1,0.0,,3.75,,1.1,2.36,0.98,0.6377,3.886,2.8,5.6,6.6385,0.5,3.48,6.53,9.47,0.7
2020-04-15,2.5,,6.5,0.25,,4.25,,,,,,,0.25,3.75,0.5,0.25,,,0.1,0.0,,3.75,,1.1,2.36,0.98,0.6377,3.871,2.8,4.608,6.6292,,3.52,6.53,9.47,0.7
2020-04-16,2.5,,6.5,0.25,,4.25,,,,,,,0.25,3.75,0.5,0.25,,,0.1,0.0,,3.75,,1.09,2.35,0.97,0.6487,3.708,2.8,4.6,6.6196,,3.5629999999999997,6.5600000000000005,9.47,0.7
2020-04-17,2.5,,6.5,0.25,,4.25,,,,,,,0.25,3.75,0.5,0.25,,,0.1,0.0,,3.75,,1.09,,0.97,0.6483,3.503,2.8,4.6,6.6142,,3.591,6.57,9.47,0.7
2020-04-20,2.5,,6.5,0.25,,4.25,,,,,,,0.25,3.75,0.5,0.25,,,0.1,0.0,,3.75,,1.08,,0.97,0.6483,3.134,2.8,4.6,6.6115,,3.59,6.52,9.47,0.7
2020-04-21,2.5,,6.0,0.25,,4.25,,,,,,,0.25,3.75,0.5,0.25,,,0.1,0.0,,3.75,,1.09,2.35,0.96,0.6483,2.883,2.8,4.6,6.607,0.5,3.605,6.53,9.47,0.7
2020-04-22,2.5,,6.0,0.25,,4.25,,,,,,,0.25,3.75,0.5,0.25,,,0.1,0.0,,3.75,8.75,1.09,2.35,0.95,0.6483,2.686,2.79,4.592,6.2725,0.5,3.61,6.51,9.47,0.7
2020-04-23,2.5,,6.0,0.25,,4.25,,,,,,,0.25,3.75,0.5,0.25,,,0.1,0.0,,3.75,,1.1,2.35,0.93,0.6483,2.49,2.79,4.592,6.2661999999999995,0.5,3.6029999999999998,6.52,,0.69
2020-04-24,2.5,,6.0,0.25,,4.25,,,,,,,0.25,3.75,0.5,0.25,,,0.1,0.0,5.5,3.75,,1.1,2.35,0.91,0.6483,2.35,2.79,4.592,6.2645,0.5,3.59,6.49,8.756,0.69
2020-04-27,2.5,,6.0,0.25,,,,,,,,,0.25,3.75,0.5,0.25,,,0.1,0.0,,3.75,,1.1,2.35,0.9,0.6443,2.508,2.79,,6.2607,0.5,3.56,6.14,8.4,0.69
2020-04-28,2.5,,6.0,0.25,,4.25,,0.0,,,,,0.25,3.75,0.5,0.25,,,0.1,0.0,,3.75,,1.1,2.35,0.9,0.6443,2.517,2.79,4.592,6.2592,0.5,3.5620000000000003,6.09,8.4,0.69
2020-04-29,2.5,,6.0,0.25,,4.25,,,,,,,0.25,3.75,0.5,0.25,,,0.1,0.0,,3.75,,1.1,2.35,0.9,0.6443,2.392,2.79,4.592,6.256,0.5,3.5949999999999998,6.06,8.4,0.69
2020-04-30,2.5,,6.0,0.25,,4.25,,,,,,,0.25,3.75,0.5,0.25,,,0.1,0.0,,3.75,,1.09,2.35,0.9,0.6443,2.035,2.79,4.575,6.2475,0.5,3.625,6.07,8.4,0.68
2020-05-01,2.5,,,,,,,,,,,,0.25,3.75,,0.25,,,0.1,0.0,,3.75,,,,,,,,,,,,,,
2020-05-04,2.5,,6.0,0.25,,4.25,,,,,,,0.25,3.75,0.5,0.25,,,0.1,0.0,,3.25,,1.09,2.35,0.9,0.6443,1.6640000000000001,2.79,4.55,6.245,0.5,3.153,,8.4,0.68
2020-05-05,2.0,,6.0,0.25,,4.25,,,,0.25,,,0.25,3.75,0.5,0.25,,,0.1,0.0,,3.25,,1.09,2.35,0.9,0.6443,1.678,2.79,4.55,6.2425,,3.155,,8.4,0.68
2020-05-06,2.0,,6.0,0.25,,4.25,,,,,,,0.25,3.0,0.5,0.25,,,0.1,0.0,,3.25,,1.08,2.34,0.89,0.6443,2.026,2.3,4.542,6.241,0.45,3.158,6.06,8.4,0.68
2020-05-07,2.0,,6.0,0.25,,4.25,,,,,,,0.25,3.0,0.5,0.25,,0.0,0.1,0.0,,3.25,,1.08,2.34,0.87,0.6443,1.841,,4.542,6.2395,,3.165,6.05,8.4,0.68
2020-05-08,2.0,,6.0,0.25,,4.25,,,,,,,0.25,3.0,0.5,0.25,,,0.1,0.0,,3.25,,1.08,2.32,,0.6443,1.845,2.3,4.542,6.2357,0.5,3.156,6.05,8.4,0.68
2020-05-11,2.0,,6.0,0.25,,4.25,,,,,,,0.25,3.0,0.5,0.25,,,0.1,0.0,,3.25,,1.07,2.31,0.35,0.642,2.013,,4.533,6.2315,,3.15,,8.4,0.68
2020-05-12,2.0,,6.0,0.25,,4.25,,,,,,,0.25,3.0,0.5,0.25,,,0.1,0.0,,3.25,,1.07,2.305,0.35,0.642,1.971,2.3,4.533,6.2277000000000005,,3.123,6.06,8.4,0.68
2020-05-13,2.0,,6.0,0.25,,4.25,0.25,,,,,,0.25,3.0,0.5,0.25,,,0.1,0.0,,3.25,,1.06,2.3,0.35,0.642,1.6800000000000002,2.3,4.508,6.196,,3.115,6.07,8.4,0.68
2020-05-14,2.0,,5.5,0.25,,4.25,,,,,,,0.25,3.0,0.5,0.25,,,0.1,0.0,,3.25,,1.05,2.3,0.35,0.642,1.788,2.3,4.483,6.1772,0.5,3.133,6.07,8.4,0.68
2020-05-15,2.0,,5.5,0.25,,4.25,,,,,,,0.25,3.0,0.5,0.25,,,0.1,0.0,,3.25,,1.05,2.29,0.34,0.642,1.863,2.3,4.483,5.78,0.5,3.128,6.06,8.4,0.68
2020-05-18,2.0,,5.5,0.25,,4.25,,,,,,,0.25,3.0,0.5,0.25,,,0.1,0.0,,3.25,,1.04,2.29,0.34,0.642,1.8479999999999999,2.3,4.45,5.7775,0.5,3.123,6.06,8.4,0.68
2020-05-19,2.0,,5.5,0.25,4.5,4.25,,,,,,,0.25,3.0,0.5,0.25,,,0.1,0.0,,3.25,,1.03,2.29,0.34,0.6353,1.736,2.29,4.4,5.7727,,3.133,6.07,,0.68
2020-05-20,2.0,0.5,5.5,0.25,,4.25,,,,,,,0.25,3.0,0.5,0.25,,,0.1,0.0,,3.25,,1.01,2.2800000000000002,0.34,0.6347,1.573,2.29,4.367,5.7688,0.5,3.128,5.99,8.4,0.68
2020-05-21,2.0,,5.5,0.25,,4.25,,,,,,,0.25,3.0,,0.25,,,0.1,0.0,,3.25,8.25,1.0,2.2800000000000002,0.34,0.6347,1.545,2.29,4.25,5.7644,,3.11,5.82,8.4,0.68
2020-05-22,2.0,,5.5,0.25,,3.75,,,,,4.0,,0.25,3.0,0.5,0.25,,,0.1,0.0,,3.25,,0.98,2.275,0.34,0.6347,1.5110000000000001,2.29,4.083,5.7622,,3.097,5.75,7.8718,0.68
2020-05-25,2.0,,5.5,0.25,,3.75,,,,,,,0.25,3.0,0.5,0.25,,,0.1,0.0,,3.25,,0.97,2.29,0.34,0.6347,,,4.058,5.755,,,5.73,,0.68
2020-05-26,2.0,,5.5,0.25,,3.75,,,,,,,0.25,3.0,0.5,0.25,,,0.1,0.0,,3.25,,0.95,2.27,0.33,0.6347,1.569,,4.042,5.7524999999999995,,3.069,5.72,,0.68
2020-05-27,2.0,,5.5,0.25,,3.75,,,,,,,0.25,3.0,0.5,0.25,,,0.1,0.0,,3.25,,0.94,2.26,0.34,0.633,1.685,2.29,4.042,5.7482,,3.113,5.72,7.8718,0.68
2020-05-28,2.0,,5.5,0.25,,3.75,,,0.5,,,0.1,0.25,3.0,0.5,0.25,,,0.1,0.0,,3.25,,0.93,2.25,0.34,0.633,1.686,2.29,4.025,5.7440999999999995,,3.125,5.7,7.8718,0.68
2020-05-29,2.0,,5.5,0.25,,3.75,,,,,,,0.25,3.0,0.5,0.25,,,0.1,0.0,,3.25,,0.91,2.25,0.34,0.633,1.529,2.29,4.008,5.7395,,3.153,5.68,7.8718,0.28
2020-06-01,2.0,,5.5,0.25,,3.75,,,,,,,0.25,3.0,0.5,0.25,,,0.1,0.0,,2.75,,,,0.34,0.631,1.431,2.29,3.992,5.7347,0.5,2.6790000000000003,5.68,7.8718,0.28
2020-06-02,2.0,,5.5,0.25,,3.75,,,,0.25,,,0.25,3.0,0.5,0.25,,,0.1,0.0,,2.75,,0.91,2.14,0.34,0.631,1.548,2.29,3.983,5.7325,0.5,2.681,5.65,7.8718,0.28
2020-06-03,2.0,,5.5,0.25,,3.75,,,,,,,0.25,3.0,0.5,0.25,,,0.1,0.0,,2.75,,0.9,2.12,0.34,0.631,1.538,2.2800000000000002,3.983,5.7286,,2.689,5.64,7.8718,0.27
2020-06-04,2.0,,5.5,0.25,,3.75,,,,,,,0.25,3.0,0.5,0.25,,,0.1,0.0,,2.75,,0.9,2.1,0.34,0.631,1.393,2.2800000000000002,3.983,5.7229,,2.693,5.62,7.8718,0.27
2020-06-05,2.0,,5.5,0.25,,3.75,,,,,,,0.25,3.0,0.5,0.25,,,0.1,0.0,,2.75,,0.9,2.1,0.34,0.631,1.508,2.2800000000000002,3.958,5.7089,,2.674,5.62,7.8718,0.27
2020-06-08,2.0,,5.5,0.25,,3.75,,,,,,,0.25,3.0,0.5,0.25,,,0.1,0.0,,2.75,,0.9,,0.34,0.631,1.255,,3.942,5.696,,2.668,5.53,7.8718,0.27
2020-06-09,2.0,,5.5,0.25,,3.75,,,,,,,0.25,3.0,0.5,0.25,,,0.1,0.0,,2.75,,0.9,2.1,0.34,0.631,1.26,2.2800000000000002,3.942,5.6924,,2.665,5.49,7.8718,0.27
2020-06-10,2.0,,5.5,0.25,,3.75,,,,,,,0.25,3.0,0.5,0.25,,,0.1,0.0,,2.75,,0.9,2.08,0.34,0.631,1.461,2.2800000000000002,3.942,5.6850000000000005,,2.6630000000000003,5.48,7.8718,0.27
2020-06-11,2.0,,5.5,0.25,,3.75,,,,,,,0.25,3.0,0.5,0.25,,,0.1,0.0,,2.75,,0.9,2.055,0.34,0.631,1.525,2.2800000000000002,3.942,5.681,,2.6550000000000002,5.46,7.8718,
2020-06-12,2.0,,5.5,0.25,,3.75,,,,,,,0.25,3.0,0.5,0.25,,,0.1,0.0,,2.75,,0.9,2.02,0.34,0.631,,2.2800000000000002,3.942,5.6765,,2.6710000000000003,,7.8718,0.27
2020-06-15,2.0,,5.5,0.25,,3.75,,,,,,,0.25,3.0,0.5,0.25,,,0.1,0.0,,2.75,,0.9,2.0,0.34,0.631,1.613,2.2800000000000002,3.942,5.673,0.5,,5.43,7.8718,0.27
2020-06-16,2.0,,5.5,0.25,,,,,,,,0.1,0.25,3.0,0.5,0.25,,,0.1,0.0,,2.75,,0.9,2.0,0.34,0.631,1.855,2.2800000000000002,,5.671,,2.66,5.36,7.8718,0.27
2020-06-17,2.0,,5.5,0.25,,3.75,,,,,,,0.25,2.25,0.5,0.25,,,0.1,0.0,,2.75,,0.9,2.0,0.34,0.631,1.947,2.2800000000000002,3.942,5.6655,0.5,2.658,5.26,7.8718,0.27
2020-06-18,2.0,,5.5,0.25,4.25,3.75,,,,,,,0.25,2.25,0.5,0.25,-0.75,0.0,0.1,0.0,,2.75,,0.9,2.005,0.34,0.631,2.025,2.2800000000000002,3.942,5.661,,2.669,5.21,7.8718,0.27
2020-06-19,2.0,,5.5,0.25,,3.75,,,,,,,0.25,2.25,0.5,0.25,,,0.1,0.0,4.5,2.75,,0.89,2.025,0.34,0.631,2.039,2.2800000000000002,3.925,5.656,0.41,2.681,5.13,7.8718,0.27
2020-06-20,,,,,,,,,,,,,,,,,,,,,,,,,,,0.631,,,,,,,,,
2020-06-22,2.0,,5.5,0.25,,3.75,,,,,,,0.25,2.25,0.5,0.25,,,0.1,0.0,,2.75,,0.89,2.04,0.34,0.631,2.136,2.2800000000000002,3.917,5.655,,,5.0,7.8718,0.27
2020-06-23,2.0,,5.5,0.25,,3.75,,,,,,,0.25,2.25,0.5,0.25,,,0.1,0.0,,2.75,,0.88,2.05,0.34,0.631,2.1,2.2800000000000002,3.917,5.6505,0.4,2.682,4.9399999999999995,7.8718,0.27
2020-06-24,2.0,0.5,5.5,0.25,,3.75,0.25,,,,,,0.25,2.25,0.5,0.25,,,0.1,0.0,,2.75,,0.75,2.045,0.34,0.631,2.16,2.2800000000000002,3.917,5.6452,,2.6790000000000003,,7.8718,0.26
2020-06-25,2.0,,5.0,0.25,,3.75,,,,,,,0.25,2.25,0.5,0.25,,,0.1,0.0,,2.75,8.25,0.75,2.045,0.34,,2.213,2.2800000000000002,3.917,5.6101,,2.6790000000000003,4.88,7.8718,0.26
2020-06-26,2.0,,5.0,0.25,,3.75,,,,,,,0.25,2.25,0.5,0.25,,,0.1,0.0,,2.75,,0.74,2.045,0.34,,1.9300000000000002,2.2800000000000002,3.917,5.2975,,2.681,4.86,7.8718,0.26
2020-06-29,2.0,,5.0,,,3.75,,,,,,,0.25,2.25,0.5,0.25,,,0.1,0.0,,2.75,,0.74,2.05,0.34,0.631,1.88,2.2800000000000002,3.917,5.2887,,,4.87,7.8718,0.26
2020-06-30,2.0,,5.0,0.25,,3.75,,,,,,,0.25,2.25,0.5,0.25,,,0.1,0.0,,2.75,,0.74,2.05,0.34,0.631,1.938,2.2800000000000002,3.908,5.2843,,2.689,4.86,7.8718,0.26
2020-07-01,2.0,,5.0,0.25,,3.75,,0.0,,,,,0.25,2.25,0.5,0.25,,,0.1,0.0,,2.5,,0.74,2.045,0.34,0.631,1.986,2.2800000000000002,3.9,5.2665,,2.435,,7.8718,0.26
2020-07-02,2.0,,5.0,0.25,,3.75,,,,,,,0.25,2.25,0.5,0.25,,,0.1,0.0,,2.5,,0.74,2.045,0.34,0.631,2.073,2.2800000000000002,3.883,5.26,,2.436,4.86,7.8718,0.26
2020-07-03,2.0,,5.0,0.25,,3.75,,,,,,,0.25,2.25,0.5,0.25,,,0.1,0.0,,2.5,,0.73,2.04,0.34,0.631,2.026,2.2800000000000002,3.883,5.2562,,2.429,4.86,7.8718,0.26
2020-07-06,2.0,,5.0,0.25,,3.75,,,,,,,0.25,2.25,0.5,0.25,,,0.1,0.0,,2.5,,0.71,2.04,,0.631,1.798,2.2800000000000002,3.883,5.255,,2.428,4.83,7.8718,0.26
2020-07-07,1.75,,5.0,0.25,,3.75,,,,0.25,,,0.25,2.25,0.5,0.25,,,0.1,0.0,,2.5,,0.7,2.0,0.34,0.631,2.058,2.2800000000000002,3.875,5.2505,0.5,2.418,4.83,7.8718,0.26
2020-07-08,1.75,,5.0,0.25,,3.75,,,,,,,0.25,2.25,0.5,0.25,,,0.1,0.0,,2.5,,0.71,2.0,0.34,0.631,2.094,2.03,3.875,5.2457,,2.42,4.82,7.8718,0.26
2020-07-09,1.75,,5.0,0.25,,3.75,,,,,,,0.25,2.25,0.5,0.25,,,0.1,0.0,,2.5,,0.7,2.0,0.34,0.631,2.045,2.03,3.875,5.243,,2.424,4.8,7.8718,0.26
2020-07-10,1.75,,5.0,0.25,,3.75,,,,,,,0.25,2.25,0.5,0.25,,,0.1,0.0,,2.5,,0.7,2.0,0.34,0.631,2.133,2.03,3.875,5.2385,,2.425,4.82,7.8718,0.26
2020-07-13,1.75,,5.0,0.25,,3.75,,,,,,,0.25,2.25,0.5,0.25,,,0.1,0.0,,2.5,,0.7,1.995,0.34,0.631,2.198,2.03,3.875,5.2372,,2.429,4.8100000000000005,7.8718,0.26
2020-07-14,1.75,,5.0,0.25,,3.75,,,,,,0.1,0.25,2.25,0.5,0.25,,,0.1,0.0,,2.5,,0.7,1.995,0.34,0.631,2.171,2.03,3.85,5.235,,2.433,4.82,7.8718,0.25
2020-07-15,1.75,,5.0,0.25,,3.75,,,,,,,0.25,2.25,0.5,0.25,,,0.1,0.0,,2.5,,0.7,2.0,0.34,0.631,2.116,2.03,3.85,5.2305,,2.435,4.8100000000000005,,0.25
2020-07-16,1.75,,5.0,0.25,4.0,3.75,,,0.5,,,,0.25,2.25,,0.25,,,0.1,0.0,,2.5,,0.7,1.995,0.34,0.631,2.122,2.03,3.85,5.2292,,2.428,4.8,7.8938,0.25
2020-07-17,1.75,,5.0,0.25,,3.75,,,,,,,0.25,2.25,0.5,0.25,,,0.1,0.0,,2.5,,0.7,1.995,0.34,0.631,2.301,2.03,3.842,5.225,,2.425,4.76,7.9158,0.25
2020-07-20,1.75,,5.0,0.25,,3.75,,,,,,,0.25,2.25,0.5,0.25,,,0.1,0.0,,2.5,,0.7,2.0,0.34,0.631,2.173,2.02,3.8,5.2225,,,4.73,7.9378,0.25
2020-07-21,1.75,,5.0,0.25,,3.75,,,,,,,0.25,2.25,0.5,0.25,,,0.1,0.0,,2.5,,0.7,2.0,0.34,0.631,2.042,2.02,3.8,5.219,,2.425,4.6899999999999995,8.0882,0.25
2020-07-22,1.75,,5.0,0.25,,,,,,,,,0.25,2.25,0.5,0.25,,,0.1,0.0,,2.5,,0.63,2.0,0.34,0.631,2.036,2.02,3.792,5.2175,,2.435,4.66,8.4,0.25
2020-07-23,1.75,,5.0,0.25,,3.5,,,,,,,0.25,2.25,0.5,0.25,,,0.1,0.0,,2.5,8.25,0.61,2.0,0.34,0.631,2.103,2.02,3.792,5.2075,,2.43,4.7,8.6329,0.25
2020-07-24,1.75,,5.0,0.25,,3.5,,,,,,,0.25,2.25,0.5,0.25,,,0.1,0.0,4.25,2.5,,0.6,2.0,0.34,0.631,2.128,2.02,3.758,5.204,,2.422,4.6,8.6603,0.25
2020-07-27,1.75,,5.0,0.25,,3.5,,,,,,,0.25,2.25,0.5,0.25,,,0.1,0.0,,2.5,,0.6,2.0,0.34,0.631,2.157,2.02,3.758,5.2042,,2.413,4.5600000000000005,8.815,0.24
2020-07-28,1.75,,5.0,,,3.5,,,,,,,0.25,2.25,0.5,0.25,,,0.1,0.0,,2.5,,0.6,2.01,0.34,0.6293,2.15,2.02,3.742,5.2,,2.411,4.58,8.9208,0.24
2020-07-29,1.75,,5.0,0.25,,3.5,,,,,,,0.25,2.25,0.5,0.25,,,0.1,0.0,,2.5,,0.6,2.02,0.34,0.6293,2.183,2.02,3.7,5.1975,,2.411,4.58,8.9208,0.24
2020-07-30,1.75,,5.0,0.25,,3.5,,,,,,,0.25,2.25,0.5,0.25,,,0.1,0.0,,2.5,,0.6,2.005,0.34,0.6293,2.169,2.01,3.675,5.195,,2.402,4.59,,0.23
2020-07-31,1.75,,5.0,0.25,,3.5,,,,,,,0.25,2.25,0.5,0.25,,,0.1,0.0,,2.5,,0.6,2.005,0.34,0.6293,,,3.658,5.1925,,2.394,4.59,,0.23
2020-08-03,1.75,,5.0,0.25,,,,,,,,,0.25,2.25,0.5,0.25,,,0.1,0.0,,2.25,,0.6,2.005,0.34,0.6293,2.123,2.01,3.625,5.1877,,2.177,4.58,,0.23
2020-08-04,1.75,,5.0,0.25,,,,,,0.25,,,0.25,2.25,0.5,0.25,,,0.1,0.0,,2.25,,0.6,2.005,0.34,0.6293,2.136,2.01,3.625,5.184,,2.156,4.59,8.9208,0.23
2020-08-05,1.75,0.5,5.0,0.25,,3.5,,,,,,,0.25,2.0,0.5,0.25,,,0.1,0.0,,2.25,,0.6,2.005,0.34,0.6293,2.067,2.01,3.617,5.178,,2.165,4.59,8.921,0.23
2020-08-06,1.75,,5.0,0.25,,3.5,,,,,4.0,,0.25,2.0,0.5,0.25,,,0.1,0.0,,2.25,,0.6,1.9,0.34,0.6243,2.006,2.0,3.575,5.174,,2.166,4.61,9.4244,0.23
2020-08-07,1.75,,5.0,0.25,,3.5,,,,,,,0.25,2.0,0.5,0.25,,,0.1,0.0,,2.25,,0.6,1.895,0.34,0.6243,2.116,1.99,3.525,5.1702,,,4.61,9.7472,0.23
2020-08-10,1.75,,5.0,0.25,,,,,,,,,0.25,2.0,0.5,0.25,,,0.1,0.0,,2.25,,0.6,1.8900000000000001,0.34,0.6243,2.133,1.99,,5.1687,,2.165,4.6,10.52,0.23
2020-08-11,1.75,,5.0,0.25,,3.5,,,,,,,0.25,2.0,0.5,0.25,,,0.1,0.0,,2.25,,0.6,1.8900000000000001,0.34,0.6243,2.156,1.99,3.5,5.1668,,2.165,4.59,10.6251,0.23
2020-08-12,1.75,,5.0,0.25,,3.5,0.25,,,,,,0.25,2.0,0.5,0.25,,,0.1,0.0,,2.25,,0.6,1.85,0.34,0.6243,2.142,1.98,3.442,5.1359,,2.165,4.59,10.6849,0.23
2020-08-13,1.75,,4.5,0.25,,3.5,,,,,,,0.25,2.0,0.5,0.25,,,0.1,0.0,,2.25,,0.6,1.85,0.34,0.6243,2.147,1.98,3.442,5.1292,,2.164,4.6,10.718,0.23
2020-08-14,1.75,,4.5,0.25,,3.5,,,,,,,0.25,2.0,0.5,0.25,,,0.1,0.0,,2.25,,0.6,1.8399999999999999,0.34,0.6243,2.172,1.98,3.442,4.8036,,2.161,4.6,11.0868,0.23
2020-08-17,1.75,,4.5,0.25,,3.5,,,,,,,0.25,2.0,0.5,0.25,,,0.1,0.0,,2.25,,0.6,1.8399999999999999,0.34,0.6243,2.16,1.98,3.442,4.797,,,4.6,11.194,0.23
2020-08-18,1.75,,4.5,0.25,,3.5,,,,,,,0.25,2.0,0.5,0.25,,,0.1,0.0,,2.25,,0.61,1.8399999999999999,0.34,0.6243,2.109,1.98,3.442,4.7935,,2.16,4.62,11.2128,0.23
2020-08-19,1.75,,4.5,0.25,4.0,3.5,,,,,,,0.25,2.0,0.5,0.25,,,0.1,0.0,,2.25,,0.61,1.8399999999999999,0.34,0.6233,2.069,1.98,3.442,4.7895,,2.161,4.62,11.413,0.23
2020-08-20,1.75,,4.5,0.25,,3.5,,,,,,,0.25,2.0,0.5,0.25,,0.0,0.1,0.0,,2.25,8.25,,1.835,0.34,0.6233,2.072,,3.442,4.7875,,2.16,4.63,11.5488,0.23
2020-08-21,1.75,,4.5,0.25,,3.5,,,,,,,0.25,2.0,0.5,0.25,,,0.1,0.0,,2.25,,,1.8399999999999999,0.34,0.6233,,1.98,3.442,4.7844999999999995,,2.16,4.63,11.526,0.23
2020-08-24,1.75,,4.5,0.25,,3.5,,,,,,,0.25,2.0,0.5,0.25,,,0.1,0.0,,2.25,,0.61,1.8399999999999999,0.34,0.6167,2.101,1.98,3.442,4.7792,0.35,2.171,4.63,11.55,0.23
2020-08-25,1.75,,4.5,0.25,,3.5,,,,,,,0.25,2.0,0.5,0.25,,,0.1,0.0,,2.25,,0.61,1.85,0.34,0.6167,2.053,1.98,3.442,4.7775,0.35,2.172,4.63,12.33,0.23
2020-08-26,1.75,,4.5,0.25,,3.5,,,,,,,0.25,2.0,0.5,0.25,,,0.1,0.0,,2.25,,0.61,1.85,0.34,0.6167,2.123,1.98,3.442,4.775,,2.171,4.63,12.3303,0.23
2020-08-27,1.75,,4.5,0.25,,3.5,,,0.5,,,,0.25,2.0,0.5,0.25,,,0.1,0.0,,2.25,,0.62,1.85,0.34,0.6167,2.173,1.98,3.442,4.7725,,2.171,4.64,12.322,0.23
2020-08-28,1.75,,4.5,0.25,,3.5,,,,,,,0.25,2.0,0.5,0.25,,,0.1,0.0,,2.25,,0.62,1.85,0.34,0.6167,2.203,1.98,3.442,4.769,,2.168,4.65,12.324,0.23
2020-08-29,,,,,,,,,,,,,,,,,,,,,,,,0.62,,,,,,,,,,,,
2020-08-31,1.75,,4.5,0.25,,3.5,,,,,,,0.25,2.0,0.5,0.25,,,0.1,0.0,,2.25,,0.62,1.85,0.34,0.6167,,,3.442,4.7677,,2.172,4.64,12.2742,0.23
2020-09-01,1.75,,4.5,0.25,,3.5,,,,0.25,,,0.25,2.0,0.5,0.25,,,0.1,0.0,,2.0,,0.62,1.85,0.34,0.6167,2.078,1.98,3.442,4.764,,1.935,4.64,12.2808,0.23
2020-09-02,1.75,,4.5,0.25,,3.5,,,,,,,0.25,2.0,0.5,0.25,,,0.1,0.0,,2.0,,0.62,1.85,0.34,0.6167,2.115,1.98,3.442,4.7620000000000005,,1.94,4.66,12.2548,0.23
2020-09-03,1.75,,4.5,0.25,,3.5,,,,,,,0.25,2.0,0.5,0.25,,,0.1,0.0,,2.0,,0.62,1.845,0.34,0.6167,2.169,1.98,3.442,4.7585,,1.943,4.65,12.2548,0.23
2020-09-04,1.75,,4.5,0.25,,3.5,,,,,,,0.25,2.0,0.5,0.25,,,0.1,0.0,,2.0,,0.62,1.8399999999999999,0.34,0.6167,2.165,1.98,3.442,4.7602,,1.951,4.65,12.2848,0.23
2020-09-07,1.75,,4.5,0.25,,3.5,,,,,,,0.25,2.0,0.5,0.25,,,0.1,0.0,,2.0,,0.62,1.8399999999999999,0.34,0.6167,2.121,1.98,3.442,4.7576,,1.952,4.65,12.2428,0.23
2020-09-08,1.75,,4.5,0.25,,3.5,,,,,,,0.25,2.0,0.5,0.25,,,0.1,0.0,,2.0,,0.62,1.8399999999999999,0.34,0.6167,2.155,1.98,3.442,4.753,,1.9529999999999998,4.72,12.2853,0.23
2020-09-09,1.75,,4.5,0.25,,3.5,,,,,,,0.25,2.0,0.5,0.25,,,0.1,0.0,,2.0,,0.63,1.8399999999999999,0.34,0.6167,2.074,1.98,3.417,4.7522,,1.947,4.68,12.5898,0.23
2020-09-10,1.75,,4.5,0.25,,3.5,,,,,,,0.25,2.0,0.5,0.25,,,0.1,0.0,,2.0,,0.64,1.8399999999999999,0.34,0.6167,2.043,1.98,3.375,4.7512,,1.939,4.66,12.6,0.23
2020-09-11,1.75,,4.5,0.25,,,,,,,,,0.25,2.0,0.5,0.25,,,0.1,0.0,,2.0,,0.63,1.8399999999999999,0.34,0.6167,2.085,1.98,3.375,4.7507,,1.933,4.65,12.6,0.23
2020-09-14,1.75,,4.5,0.25,,3.5,,,,,,,0.25,2.0,0.5,0.25,,,0.1,0.0,,2.0,,0.63,1.83,0.34,0.6167,2.038,1.97,3.375,4.746,,1.928,4.63,12.6,0.23
2020-09-15,1.75,,4.5,0.25,,3.5,,,,,,0.1,0.25,2.0,0.5,0.25,,,0.1,0.0,,2.0,,0.63,1.8199999999999998,0.34,0.6167,2.056,1.97,3.358,4.7422,,1.9409999999999998,4.63,12.6,0.23
2020-09-16,1.75,,,0.25,,,,,,,,,0.25,2.0,0.5,0.25,,,0.1,0.0,,2.0,,0.63,1.815,0.34,0.6167,2.112,,3.358,,,1.944,4.63,12.6,0.23
2020-09-17,1.75,,4.5,0.25,4.0,3.5,,,,,,,0.25,2.0,0.5,0.25,,,0.1,0.0,,2.0,,0.63,1.81,0.34,0.6167,2.11,1.97,3.358,4.7415,,1.946,4.63,12.842,0.23
2020-09-18,1.75,,4.5,0.25,,3.5,,,,,,,0.25,2.0,0.5,0.25,,,0.1,0.0,4.25,2.0,,0.63,1.81,0.34,0.6167,2.074,1.97,3.367,4.7367,,1.95,4.63,12.858,0.23
2020-09-21,1.75,,4.5,0.25,,3.5,,,,,,,0.25,2.0,0.5,0.25,,,0.1,0.0,,2.0,,0.63,1.815,0.34,0.6167,2.067,1.97,3.367,4.7335,,1.95,4.58,12.86,0.22
2020-09-22,1.75,,4.5,0.25,,3.5,,0.0,,,,,0.25,2.0,0.5,0.25,,,0.1,0.0,,2.0,,0.63,1.83,0.34,0.6167,2.057,1.97,3.358,4.7325,,1.952,4.62,12.9775,0.22
2020-09-23,1.75,0.5,4.5,0.25,,3.5,0.25,,,,,,0.25,2.0,0.5,0.25,,,0.1,0.0,,2.0,,0.64,1.85,0.34,0.6167,1.9689999999999999,1.97,3.358,4.729,0.3,1.95,4.63,12.9838,0.22
2020-09-24,1.75,,4.25,0.25,,,,,,,,,0.25,2.0,0.5,0.25,-0.75,0.0,0.1,0.0,,2.0,10.25,0.65,1.87,0.34,0.6167,1.9729999999999999,1.97,,4.7275,0.3,1.952,4.63,13.032,0.22
2020-09-25,1.75,,4.25,0.25,,3.5,,,,,,,0.25,2.0,0.5,0.25,,,0.1,0.0,,2.0,,0.74,1.8900000000000001,0.34,0.6167,1.7570000000000001,1.97,3.358,4.5605,0.3,1.954,4.63,13.0198,0.22
2020-09-26,,,,,,,,,,,,,,,,,,,,,,,,,,,0.6167,,,,,,,,,
2020-09-28,1.75,,4.25,0.25,,3.5,,,,,,,0.25,2.0,0.5,0.25,,,0.1,0.0,,1.75,,0.75,1.915,,0.6167,1.729,1.97,3.358,4.55,0.3,1.714,4.63,12.9216,0.22
2020-09-29,1.75,,4.25,0.25,,3.5,,,,,,,0.25,2.0,0.5,0.25,,,0.1,0.0,,1.75,,0.76,1.94,0.35,0.6167,1.457,1.97,3.358,4.5495,,1.718,4.63,13.12,0.22
2020-09-30,1.75,,4.25,0.25,,3.5,,,,,,,0.25,2.0,0.5,0.25,,,0.1,0.0,,1.75,,0.77,1.955,0.35,0.6167,1.689,1.97,3.35,4.5485,,1.717,4.64,13.138,0.22
2020-10-01,1.75,,4.25,0.25,,3.5,,,,,,,0.25,2.0,0.5,0.25,,,0.1,0.0,,1.75,,0.77,1.95,0.35,,1.712,1.97,3.358,4.5487,,1.7109999999999999,4.63,13.121,0.22
2020-10-02,1.75,,4.25,0.25,,3.5,,,,,,,0.25,2.0,0.5,0.25,,,0.1,0.0,,1.75,,0.77,1.95,0.35,,1.338,1.97,3.358,4.5445,,1.713,4.63,13.12,0.22
2020-10-05,1.75,,4.25,0.25,,3.5,,,,,,,0.25,2.0,0.5,0.25,,,0.1,0.0,,1.75,,0.77,1.95,0.35,0.6167,1.365,1.97,3.358,4.5425,,1.712,4.63,13.1202,0.22
2020-10-06,1.75,,4.25,0.25,,3.5,,,,0.25,,,0.25,2.0,0.5,0.25,,,0.1,0.0,,1.75,,0.77,1.95,0.35,0.6167,1.205,1.97,3.358,4.543,,1.708,4.63,13.137,0.22
2020-10-07,1.75,,4.25,0.25,,3.5,,,,,,0.1,0.25,2.0,0.5,0.25,,,0.1,0.0,,1.75,,0.77,1.95,0.35,0.6167,1.23,1.97,3.358,4.5425,,1.705,4.64,13.137,0.22
2020-10-08,1.75,,4.25,0.25,,3.5,,,,,,,0.25,2.0,0.5,0.25,,,0.1,0.0,,1.75,,0.76,1.95,0.35,0.6167,1.193,1.97,3.358,4.5425,0.3,1.71,4.64,13.1338,0.22
2020-10-09,1.75,,4.25,0.25,,3.5,,,,,4.0,,0.25,2.0,0.5,0.25,,,0.1,0.0,,1.75,,0.76,1.95,0.35,,1.283,1.96,3.358,4.539,,1.7029999999999998,4.64,13.7392,0.22
2020-10-12,1.75,,4.25,0.25,,3.5,,,,,,,0.25,2.0,0.5,0.25,,,0.1,0.0,,1.75,,0.76,1.95,0.35,0.6167,1.249,1.96,3.358,4.5344999999999995,,,4.64,13.9532,0.22
2020-10-13,1.75,,4.25,0.25,4.0,3.5,,,,,,,0.25,2.0,0.5,0.25,,,0.1,0.0,,1.75,,0.76,1.95,0.35,0.6167,1.091,1.96,3.358,4.537,,1.705,4.64,13.9617,0.22
2020-10-14,1.75,,4.25,0.25,,3.5,,,0.5,,,,0.25,2.0,0.5,0.25,,,0.1,0.0,,1.75,,0.77,1.95,0.35,0.6167,1.149,1.96,3.358,4.5357,,1.708,4.65,13.9707,0.22
2020-10-15,1.75,,4.25,0.25,,3.5,,,,,,,0.25,2.0,0.5,0.25,,,0.1,0.0,,1.75,,0.77,1.95,0.35,0.6167,1.204,1.95,3.358,4.531,,1.71,4.65,14.0166,0.22
2020-10-16,1.75,,4.25,0.25,,3.5,,,,,,,0.25,2.0,0.5,0.25,,,0.1,0.0,,1.75,,0.77,1.95,0.35,0.6167,1.156,1.95,3.35,4.5306,,1.7109999999999999,4.65,14.0472,0.22
2020-10-19,1.75,,4.25,0.25,,3.5,,,,,,,0.25,2.0,0.5,0.25,,,0.1,0.0,,1.75,,0.77,1.95,0.35,0.6167,1.041,1.95,3.342,4.5255,,1.7109999999999999,4.65,14.0697,0.22
2020-10-20,1.75,,4.25,0.25,,3.5,,,,,,,0.25,2.0,0.5,0.25,,,0.1,0.0,,1.75,,0.77,1.995,0.35,0.6167,0.75,1.95,3.333,4.525,,1.712,4.65,14.07,0.22
2020-10-21,1.75,,4.25,0.25,,3.5,,,,,,,0.25,2.0,0.5,0.25,,,0.1,0.0,,1.75,,0.77,2.01,0.35,0.615,0.252,1.95,3.333,4.525,,1.712,4.65,14.1226,0.22
2020-10-22,1.75,,4.25,0.25,,3.5,,,,,,,0.25,2.0,0.5,0.25,,,0.1,0.0,,1.75,10.25,0.77,2.01,0.35,0.613,0.216,1.95,3.333,4.5207,,1.71,4.65,14.1714,0.22
2020-10-23,1.75,,4.25,0.25,,3.5,,,,,,,0.25,2.0,0.5,0.25,,,0.1,0.0,4.25,1.75,,,2.01,0.35,0.609,0.303,1.95,3.333,4.5222,0.3,1.708,4.65,15.12,0.22
2020-10-26,1.75,,4.25,0.25,,3.5,,,,,,,0.25,2.0,0.5,0.25,,,0.1,0.0,,1.75,,0.77,2.005,0.35,0.609,0.358,1.95,3.333,4.5225,,1.71,4.65,15.3163,0.22
2020-10-27,1.75,,4.25,0.25,,3.5,,,,,,,0.25,2.0,0.5,0.25,,,0.1,0.0,,1.75,,0.77,2.01,0.35,0.609,0.634,1.95,3.333,4.5215,,1.7109999999999999,4.67,15.334,0.22
2020-10-28,1.75,,4.25,0.25,,3.5,,,,,,,0.25,2.0,0.5,0.25,,,0.1,0.0,,1.75,,0.77,2.005,,0.609,0.425,1.95,3.333,4.5161999999999995,0.3,1.709,4.65,,0.22
2020-10-29,1.75,,4.25,0.25,,3.5,,,,,,,0.25,2.0,0.5,0.25,,,0.1,0.0,,1.75,,0.77,2.0,0.35,0.609,0.418,,3.333,4.5155,,1.7069999999999999,4.65,,0.22
2020-10-30,1.75,,4.25,0.25,,3.5,,,,,,,0.25,2.0,0.5,0.25,,,0.1,0.0,,1.75,,0.77,2.0,0.35,0.609,0.214,1.95,3.333,4.5125,,1.704,4.65,15.6902,0.22
2020-11-02,1.75,,,0.25,,3.5,,,,,,,0.25,2.0,0.5,0.25,,,0.1,0.0,,1.75,,0.77,1.995,0.35,0.6083,,1.95,3.333,,0.3,,4.7,16.0579,0.22
2020-11-03,1.75,,4.25,0.25,,3.5,,,,0.1,,,0.25,2.0,0.5,0.25,,,0.1,0.0,,1.75,,0.77,1.97,0.35,0.6083,0.243,1.95,3.333,4.516,0.3,1.7069999999999999,4.71,16.17,0.22
2020-11-04,1.75,,4.25,0.25,,3.5,,,,,,,0.25,2.0,0.5,0.25,,,0.1,0.0,,1.75,,0.77,1.955,0.35,0.6083,0.328,1.95,3.333,4.511,0.3,1.705,,16.2008,0.22
2020-11-05,1.75,,4.25,0.25,,3.5,,,,,,,0.25,2.0,0.5,0.25,,0.0,0.1,0.0,,1.75,,0.77,1.96,0.35,0.6083,0.584,1.95,3.333,4.506,0.3,1.704,4.6899999999999995,16.2377,0.22
2020-11-06,1.75,,4.25,0.25,,3.5,,,,,,0.1,0.25,2.0,0.5,0.25,,,0.1,0.0,,1.75,,0.77,1.96,0.35,0.6083,0.709,1.95,3.333,4.503,0.3,1.697,4.6899999999999995,16.2507,0.22
2020-11-09,1.75,,4.25,0.25,,3.5,,,,,,,0.25,2.0,0.5,0.25,,,0.1,0.0,,1.75,,0.77,1.9449999999999998,0.35,0.6083,0.504,1.94,3.333,4.5,,1.7069999999999999,4.71,16.2807,0.22
2020-11-10,1.75,,4.25,0.25,,3.5,,,,,,,0.25,2.0,0.5,0.25,,,0.1,0.0,,1.75,,0.77,1.925,0.35,0.6083,0.284,1.94,3.333,4.5007,,1.712,4.7,16.2607,0.22
2020-11-11,1.75,,4.25,0.25,,3.5,0.25,,,,,,0.25,2.0,0.5,0.25,,,0.1,0.0,,1.75,,0.77,1.92,0.35,0.6077,0.425,1.94,3.333,4.4987,0.3,1.709,4.6899999999999995,16.2707,
2020-11-12,1.75,,4.25,0.25,,3.5,,,,,,,0.25,2.0,0.5,0.25,,,0.1,0.0,,1.75,,0.77,1.92,0.35,0.6077,,1.94,3.333,4.493,0.3,1.7069999999999999,4.67,16.2607,0.22
2020-11-13,1.75,,4.25,0.25,,3.5,,,,,,,0.25,2.0,0.5,0.25,,,0.1,0.0,,1.75,,0.77,1.905,0.35,0.6067,0.451,1.94,3.333,4.505,0.3,1.7069999999999999,4.68,16.2715,0.22
2020-11-16,1.75,,,0.25,,3.5,,,,,,,0.25,2.0,0.5,0.25,,,0.1,0.0,,1.75,,0.77,1.8900000000000001,0.35,0.6067,0.615,1.94,3.333,,0.3,,4.7,16.2707,0.22
2020-11-17,1.75,,4.25,0.25,,3.5,,,,,,,0.25,2.0,0.5,0.25,,,0.1,0.0,,1.75,,0.77,1.8900000000000001,,0.6067,0.77,1.94,3.333,4.5024999999999995,0.3,1.709,4.73,16.2717,0.22
2020-11-18,1.75,0.5,4.25,0.25,,,,,,,,,0.25,2.0,0.5,0.25,,,0.1,0.0,,1.75,,0.77,1.8900000000000001,0.35,0.6067,0.815,1.94,3.342,4.4985,,1.7,4.74,16.2717,0.22
2020-11-19,1.75,,4.25,0.25,3.75,3.5,,,,,,,0.25,2.0,0.5,0.25,,,0.1,0.0,,1.75,15.0,0.77,1.8900000000000001,0.35,0.6067,0.708,1.94,3.342,4.4952,,1.7069999999999999,4.74,16.2725,0.22
2020-11-20,1.75,,4.25,0.25,,3.5,,,,,,,0.25,2.0,0.5,0.25,,,0.1,0.0,,1.75,,0.77,1.8900000000000001,0.35,0.6067,0.807,1.94,3.35,4.4925,,1.709,4.73,16.2725,0.22
2020-11-23,1.75,,4.25,0.25,,3.5,,,,,,,0.25,2.0,0.5,0.25,,,0.1,0.0,,1.75,,0.77,1.9,0.35,0.6067,0.74,1.94,3.35,4.4925,,1.709,4.7,16.2725,0.22
2020-11-24,1.75,,4.25,0.25,,3.5,,,,,,,0.25,2.0,0.5,0.25,,,0.1,0.0,,1.75,,0.77,1.9,0.35,0.6027,0.821,1.94,3.35,4.49,,1.704,4.73,16.2715,0.22
2020-11-25,1.75,,4.25,0.25,,3.5,,,,,,,0.25,2.0,0.5,0.25,,,0.1,0.0,,1.75,,0.76,1.8900000000000001,0.35,0.6027,0.936,1.94,3.358,4.4875,,1.7109999999999999,4.82,16.2715,0.22
2020-11-26,1.75,,4.25,0.25,,3.5,,0.0,0.5,,,,0.25,2.0,0.5,0.25,,,0.1,0.0,,1.75,,0.76,1.895,0.35,0.6027,1.096,1.94,3.408,4.4835,0.3,1.712,4.9,16.2715,0.22
2020-11-27,1.75,,4.25,0.25,,3.5,,,,,,,0.25,2.0,0.5,0.25,,,0.1,0.0,,1.75,,0.76,1.895,0.35,0.6027,1.077,1.9300000000000002,3.458,4.4855,0.3,1.7109999999999999,4.93,16.2714,0.22
2020-11-30,1.75,,4.25,0.25,,3.5,,,,,,,0.25,2.0,0.5,0.25,,,0.1,0.0,,1.75,,0.76,,0.35,0.6027,,1.9300000000000002,3.492,4.4872,,1.7109999999999999,4.95,16.2715,0.22
2020-12-01,1.75,,4.25,0.25,,3.5,,,,0.1,,,0.25,2.0,0.5,0.25,,,0.1,0.0,,1.75,,0.75,,0.35,0.602,1.016,1.9300000000000002,3.508,4.4885,0.3,1.712,4.95,16.2725,0.22
2020-12-02,1.75,,4.25,0.25,,3.5,,,,,,0.1,0.25,2.0,0.5,0.25,,,0.1,0.0,,1.75,,0.75,1.8900000000000001,0.35,0.602,1.009,1.9300000000000002,3.517,4.4889,0.3,1.713,4.96,16.2715,0.22
2020-12-03,1.75,,4.25,0.25,,3.5,,,,,,,0.25,2.0,0.5,0.25,,,0.1,0.0,,1.75,,0.75,1.8900000000000001,0.35,0.602,1.065,1.9300000000000002,3.517,4.4845,,1.713,4.96,16.2725,0.22
2020-12-04,1.75,,4.25,0.25,,3.5,,,,,4.0,,0.25,2.0,0.5,0.25,,,0.1,0.0,,1.75,,0.75,1.9,0.35,0.602,1.137,1.94,3.542,4.4825,,1.713,4.97,16.2725,0.22
2020-12-07,1.75,,4.25,0.25,,3.5,,,,,,,0.25,2.0,0.5,0.25,,,0.1,0.0,,1.75,,0.75,1.9,0.35,0.602,1.045,1.94,3.542,4.4825,,1.716,4.97,16.2725,0.22
2020-12-08,1.75,,4.25,,,3.5,,,,,,,0.25,2.0,0.5,0.25,,,0.1,0.0,,1.75,,0.75,1.9,0.35,0.602,,1.94,3.542,4.4818999999999996,,,4.97,16.2725,0.22
2020-12-09,1.75,,4.25,0.25,,3.5,,,,,,,0.25,2.0,0.5,0.25,,,0.1,0.0,,1.75,,0.75,1.8900000000000001,0.35,0.6017,1.125,1.94,3.55,4.4775,,1.713,4.97,16.2725,0.22
2020-12-10,1.75,,4.25,0.25,,3.5,,,,,,,0.25,2.0,0.5,0.25,,,0.1,0.0,,1.75,,0.75,1.8900000000000001,0.35,0.6017,1.146,1.94,3.567,4.4782,,1.7109999999999999,4.92,16.2725,0.22
2020-12-11,1.75,,4.25,0.25,,3.5,,,,,,,0.25,2.0,0.5,0.25,,,0.1,0.0,,1.75,,0.75,1.8900000000000001,0.35,0.6017,1.209,1.94,3.567,4.4775,0.3,1.7109999999999999,4.93,16.2725,0.22
2020-12-12,,,,,,,,,,,,,,,,,,,,,,,,0.75,,,,,,,,,,,,
2020-12-14,1.75,,4.25,0.25,,3.5,,,,,,,0.25,2.0,0.5,0.25,,,0.1,0.0,,1.75,,0.75,1.8900000000000001,0.35,0.601,1.327,1.94,3.6,4.4745,,1.71,4.89,16.2717,0.21
2020-12-15,1.75,,4.25,0.25,,3.5,,,,,,,0.25,2.0,0.5,0.25,,,0.1,0.0,,1.75,,0.75,1.8900000000000001,0.35,0.601,1.5070000000000001,1.94,3.617,4.471,,1.712,4.88,16.2717,0.21
2020-12-16,1.75,,4.25,0.25,,,,,,,,,0.25,2.0,0.5,0.25,,,0.1,0.0,,1.75,,0.75,1.8900000000000001,0.35,0.601,1.385,1.94,,4.5,,1.713,4.9,16.2717,0.21
2020-12-17,1.75,,4.25,0.25,3.75,3.5,,,,,,,0.25,2.0,0.5,0.25,-0.75,0.0,0.1,0.0,,1.75,,0.75,1.8900000000000001,0.35,0.601,1.124,1.94,3.617,4.4965,,1.7109999999999999,4.91,16.2717,0.21
2020-12-18,1.75,,4.25,0.25,,3.5,,,,,,,0.25,2.0,0.5,0.25,,,0.1,0.0,4.25,1.75,,0.75,1.895,0.35,0.601,1.074,1.94,3.625,4.494,,1.7109999999999999,4.93,16.2709,0.21
2020-12-21,1.75,,4.25,0.25,,3.5,,,,,,,0.25,2.0,0.5,0.25,,,0.1,0.0,,1.75,,0.75,1.9,0.35,0.601,0.951,1.94,3.633,4.495,,1.7109999999999999,4.92,16.2707,0.21
2020-12-22,,,4.25,0.25,,3.5,,,,,,,0.25,2.0,0.5,0.25,,,0.1,0.0,,1.75,,0.75,1.8900000000000001,0.35,0.601,1.103,1.94,3.633,4.4922,,1.7109999999999999,4.9399999999999995,16.2707,0.21
2020-12-23,1.75,0.5,4.25,0.25,,3.5,,,,,,,0.25,2.0,0.5,0.25,,,0.1,0.0,,1.75,,0.75,1.8900000000000001,0.35,0.601,1.233,1.94,3.633,4.4882,0.3,1.712,4.93,16.2707,0.21
2020-12-24,1.75,,4.25,0.25,,3.5,,,,,,,0.25,2.0,0.5,0.25,,,0.1,0.0,,1.75,17.0,,1.8900000000000001,,0.601,,1.94,3.633,4.4878,0.3,1.7109999999999999,4.92,16.2707,0.21
2020-12-25,1.75,,,,,,,,,,,,0.25,2.0,,0.25,,,0.1,0.0,,1.75,,,,,0.601,,,,,,,4.93,17.95,
2020-12-28,1.75,,4.25,0.25,,3.5,,,,,,,0.25,2.0,0.5,0.25,,,0.1,0.0,,1.75,,0.75,1.885,0.35,0.601,1.259,1.94,3.633,4.4875,0.3,1.712,4.89,17.95,0.21
2020-12-29,1.75,,4.25,0.25,,3.5,,,,,,,0.25,2.0,0.5,0.25,,,0.1,0.0,,1.75,,0.75,1.88,0.35,0.601,1.202,1.94,3.642,4.485,0.3,1.706,4.88,17.95,0.21
2020-12-30,1.75,,4.25,0.25,,3.5,,,,,,,0.25,2.0,0.5,0.25,,,0.1,0.0,,1.75,,0.75,1.88,0.36,0.5997,,1.94,3.642,4.4842,0.3,1.702,4.9,17.95,0.21
2020-12-31,1.75,,4.25,0.25,,3.5,,,,,,,0.25,2.0,,0.25,,,0.1,0.0,,1.75,,0.75,1.88,0.36,0.5997,,1.94,3.642,4.4805,,,4.92,17.95,0.21
2021-01-01,1.75,,,,,,,,,,,,0.25,2.0,,0.25,,,0.1,0.0,,1.75,,,,,,,,,,,,,,
2021-01-04,1.75,,4.25,0.25,,3.5,,,,,,,0.25,2.0,0.5,0.25,,,0.1,0.0,,1.75,,0.75,1.8599999999999999,0.36,0.5997,1.238,1.94,3.642,4.481,,1.697,,17.95,0.21
2021-01-05,1.75,,4.25,0.25,,3.5,,,,,,,0.25,2.0,0.5,0.25,,,0.1,0.0,,1.75,,0.75,1.76,0.36,0.5997,0.968,1.94,3.642,4.4812,,1.686,,17.9515,0.21
2021-01-06,1.75,,4.25,0.25,,3.5,,,,,,,0.25,2.0,0.5,0.25,,,0.1,0.0,,1.75,,0.75,1.6949999999999998,0.36,0.5997,0.987,1.94,3.642,4.4776,,1.685,,17.9515,
2021-01-07,1.75,,4.25,0.25,,3.5,,,,,,,0.25,2.0,0.5,0.25,,,0.1,0.0,,1.75,,0.75,1.65,0.36,0.5997,0.895,1.94,3.642,4.4775,,1.6909999999999998,,17.9515,0.21
2021-01-08,1.75,,4.25,0.25,,3.5,,,,,,,0.25,2.0,0.5,0.25,,,0.1,0.0,,1.75,,0.75,1.6400000000000001,0.36,0.5997,1.256,1.94,3.642,4.4775,,1.69,,17.9525,0.21
2021-01-11,1.75,,4.25,0.25,,3.5,,,,,,,0.25,2.0,0.5,0.25,,,0.1,0.0,,1.75,,0.75,1.6400000000000001,0.36,0.5997,1.416,1.94,3.642,4.475,0.3,,4.9,17.9525,0.21
2021-01-12,1.75,,4.25,0.25,,3.5,,,,,,,0.25,2.0,0.5,0.25,,,0.1,0.0,,1.75,,0.75,1.62,0.36,0.5997,1.251,1.94,3.65,4.4716000000000005,0.3,1.6949999999999998,4.89,17.9525,0.21
2021-01-13,1.75,,4.25,0.25,,3.5,,,,,,0.1,0.25,2.0,0.5,0.25,,,0.1,0.0,,1.75,,0.75,1.63,0.36,0.5997,1.21,1.94,3.65,4.47,0.3,1.693,4.88,17.9525,0.21
2021-01-14,1.75,,4.25,0.25,,3.5,,,,,,,0.25,2.0,0.5,0.25,,,0.1,0.0,,1.75,,0.75,1.63,0.36,0.5997,1.016,1.94,3.65,4.4677,0.3,1.693,4.88,17.9525,0.21
2021-01-15,1.75,,4.25,0.25,,3.5,,,0.5,,,,0.25,2.0,0.5,0.25,,,0.1,0.0,,1.75,,0.75,1.63,0.36,0.5997,1.005,1.94,3.642,4.4675,0.3,1.692,4.89,17.9525,0.21
2021-01-18,1.75,,4.25,0.25,,3.5,,,,,,,0.25,2.0,0.5,0.25,,,0.1,0.0,,1.75,,0.75,1.445,0.36,0.5997,1.056,1.94,3.642,4.4655000000000005,0.3,1.698,4.9,17.9525,0.21
2021-01-19,1.75,,4.25,0.25,,3.5,,,,,,,0.25,2.0,0.5,0.25,,,0.1,0.0,,1.75,,0.75,1.44,0.36,0.5997,0.938,1.94,3.642,4.4667,0.3,1.694,4.9,17.9517,0.21
2021-01-20,1.75,,4.25,0.25,,3.5,,,,,,,0.25,2.0,0.5,0.25,,,0.1,0.0,,1.75,,0.75,1.44,0.36,0.5997,0.731,1.94,3.642,4.4637,0.3,1.6909999999999998,4.89,17.9525,0.21
2021-01-21,1.75,,4.25,0.25,3.75,3.5,,,,,,,0.25,2.0,0.5,0.25,,0.0,0.1,0.0,,1.75,17.0,0.75,1.44,0.36,0.5997,0.723,1.94,3.642,4.4615,0.3,1.693,4.89,17.9525,0.21
2021-01-22,1.75,,4.25,0.25,,3.5,,,,,,,0.25,2.0,0.5,0.25,,,0.1,0.0,,1.75,,0.75,1.45,0.36,0.5997,0.799,1.94,3.642,4.4615,0.3,1.696,4.89,17.9525,0.21
2021-01-25,,,4.25,0.25,,3.5,,,,,,,0.25,2.0,0.5,0.25,,,0.1,0.0,,1.75,,0.75,1.43,0.36,0.5997,0.748,1.94,3.642,4.4592,0.3,1.6989999999999998,4.88,17.9525,0.21
2021-01-26,1.75,,4.25,0.25,,3.5,,,,,,,,2.0,0.5,0.25,,,0.1,0.0,,1.75,,0.75,1.41,0.36,0.5997,0.736,1.94,3.642,4.4565,0.3,1.7,4.88,17.9525,0.21
2021-01-27,1.75,,4.25,0.25,,3.5,,,,,,,0.25,2.0,0.5,0.25,,,0.1,0.0,,1.75,,0.75,1.4,0.36,0.5997,0.886,1.94,3.642,4.4542,0.3,1.704,4.88,17.9525,0.21
2021-01-28,1.75,,4.25,0.25,,3.5,,,,,,,0.25,2.0,0.5,0.25,,,0.1,0.0,,1.75,,0.75,1.3900000000000001,0.36,0.5997,0.9,,3.642,4.452,0.3,1.706,4.88,17.9525,0.21
2021-01-29,1.75,,4.25,0.25,,3.5,,,,,,,0.25,2.0,0.5,0.25,,,0.1,0.0,,1.75,,0.75,1.3900000000000001,0.36,0.5997,0.863,1.94,3.642,4.45,0.3,1.705,4.89,17.9525,0.21
2021-02-01,1.75,,,0.25,,3.5,,,,,,,0.25,2.0,0.5,0.25,,,0.1,0.0,,1.75,,0.75,1.3900000000000001,0.36,0.5997,0.75,,3.642,,0.3,1.7109999999999999,4.88,17.9525,0.21
2021-02-02,1.75,,4.25,0.25,,3.5,,,,0.1,,,0.25,2.0,0.5,0.25,,,0.1,0.0,,1.75,,0.75,1.3900000000000001,0.36,0.5997,0.728,1.94,3.642,4.4504,0.3,1.712,4.89,17.9525,0.21
2021-02-03,1.75,0.5,4.25,0.25,,3.5,,,,,,0.1,0.25,2.0,0.5,0.25,,,0.1,0.0,,1.75,,0.75,1.38,0.36,0.5997,0.369,1.94,3.642,4.4477,0.3,1.712,4.89,17.9525,0.21
2021-02-04,1.75,,4.25,0.25,,3.5,,,,,,,0.25,2.0,0.5,0.25,,,0.1,0.0,,1.75,,0.75,1.3900000000000001,0.36,0.5997,0.655,1.94,3.642,4.4465,0.3,1.7109999999999999,4.9,17.9525,0.21
2021-02-05,1.75,,4.25,0.25,,3.5,,,,,4.0,,0.25,2.0,0.5,0.25,,,0.1,0.0,,1.75,,0.75,1.3900000000000001,0.36,0.5997,0.49,1.94,3.642,4.4437,0.3,1.712,4.89,17.9525,0.21
2021-02-08,1.75,,4.25,0.25,,3.5,,,,,,,0.25,2.0,0.5,0.25,,,0.1,0.0,,1.75,,0.75,1.3900000000000001,0.36,0.5997,0.548,1.94,3.642,4.4425,,1.712,4.89,17.9525,0.21
2021-02-09,1.75,,4.25,0.25,,3.5,,,,,,,0.25,2.0,0.5,0.25,,,0.1,0.0,,1.75,,0.75,1.3900000000000001,0.36,0.5997,0.781,1.94,3.642,4.442,0.3,1.712,4.89,17.9525,0.21
2021-02-10,1.75,,4.25,0.25,,3.5,,0.0,,,,,0.25,2.0,0.5,0.25,,,0.1,0.0,,1.75,,0.75,1.3900000000000001,0.36,,0.659,1.94,3.642,4.4415,0.3,1.7109999999999999,4.89,17.9535,0.21
2021-02-11,1.75,,4.0,0.25,,3.5,,,,,,,0.25,2.0,0.5,0.25,,,0.1,0.0,,1.75,,0.75,1.3900000000000001,0.36,,0.491,1.94,3.642,4.449,0.3,1.7109999999999999,4.86,17.9535,0.21
2021-02-12,1.75,,4.0,0.25,,3.5,,,,,,,0.25,2.0,0.5,0.25,,,0.1,0.0,4.25,1.75,,0.75,1.4,0.36,,,,3.642,4.2948,0.3,1.712,4.83,17.9535,0.21
2021-02-15,1.75,,4.0,0.25,,3.5,,,,,,,0.25,2.0,0.5,0.25,,,0.1,0.0,,1.75,,0.75,1.395,0.36,,0.423,1.94,3.642,4.2925,0.3,1.712,4.83,17.9535,0.21
2021-02-16,1.75,,4.0,0.25,,3.5,,,,,,,0.25,2.0,0.5,0.25,,,0.1,0.0,,1.75,,0.75,1.4,0.36,,0.152,1.94,3.642,4.2915,0.3,1.7109999999999999,4.83,17.9535,0.21
2021-02-17,1.75,,4.0,0.25,,3.5,,,,,,,0.25,2.0,0.5,0.25,,,0.1,0.0,,1.75,,0.76,1.3900000000000001,0.36,0.5997,0.275,1.94,3.642,4.289,0.3,1.7109999999999999,4.8100000000000005,17.9525,0.21
2021-02-18,1.75,,4.0,0.25,3.5,3.5,,,,,,,0.25,2.0,0.5,0.25,,,0.1,0.0,,1.75,17.0,0.76,1.4,0.36,0.5997,0.523,1.94,3.642,4.2875,0.3,1.7109999999999999,4.82,17.9525,0.21
2021-02-19,1.75,,4.0,0.25,,3.5,,,,,,,0.25,2.0,0.5,0.25,,,0.1,0.0,,1.75,,0.76,1.4,0.36,0.5997,0.59,1.94,3.642,4.2865,0.3,1.7109999999999999,4.8100000000000005,17.9535,0.21
2021-02-20,,,,,,,,,,,,,,,,,,,,,,,,,,,0.5977,,,,,,,4.82,,
2021-02-22,1.75,,4.0,0.25,,3.5,,,,,,,0.25,2.0,0.5,0.25,,,0.1,0.0,,1.75,,0.76,1.4,0.36,0.5977,0.547,1.94,3.642,4.2875,0.3,1.71,,17.9533,0.21
2021-02-23,1.75,,4.0,0.25,,3.5,,,,,,,0.25,2.0,0.5,0.25,,,0.1,0.0,,1.75,,0.76,1.4,0.36,0.5977,0.965,1.94,3.642,4.2862,0.3,1.7069999999999999,,17.9535,0.21
2021-02-24,1.75,,4.0,0.25,,3.5,0.25,,,,,,0.25,2.0,0.5,0.25,,,0.1,0.0,,1.75,,0.76,1.4,0.36,0.5977,0.806,1.94,3.642,4.2831,0.3,1.7069999999999999,4.83,17.9535,0.21
2021-02-25,1.75,,4.0,0.25,,3.5,,,0.5,,,,0.25,2.0,0.5,0.25,,,0.1,0.0,,1.75,,0.76,1.4,0.36,0.5977,,1.94,3.642,4.2825,0.3,1.705,4.83,17.9535,0.21
2021-02-26,1.75,,4.0,0.25,,3.5,,,,,,,0.25,2.0,0.5,0.25,,,0.1,0.0,,1.75,,0.77,1.44,0.36,0.5977,1.06,1.94,3.642,4.2812,0.3,1.6989999999999998,4.84,17.9535,0.21
2021-03-01,1.75,,4.0,0.25,,3.5,,,,,,,0.25,2.0,0.5,0.25,,,0.1,0.0,,1.75,,0.77,1.46,0.36,,0.889,1.94,3.642,4.2825,0.3,1.696,4.84,17.9527,0.21
2021-03-02,1.75,,4.0,0.25,,3.5,,,,0.1,,,,2.0,0.5,0.25,,,0.1,0.0,,1.75,,0.77,1.53,0.36,0.5977,0.86,1.94,3.642,4.2813,0.3,1.692,4.84,17.9535,0.21
2021-03-03,1.75,,4.0,0.25,,3.5,,,,,,0.1,0.25,2.0,0.5,0.25,,,0.1,0.0,,1.75,,0.77,1.55,0.36,0.5977,0.99,1.94,3.642,4.2825,0.3,1.692,4.84,17.9535,0.21
2021-03-04,1.75,,4.0,0.25,,3.5,,,,,,,0.25,2.0,0.5,0.25,,,0.1,0.0,,1.75,,0.77,1.54,0.36,0.5977,0.92,1.94,3.642,4.2825,0.3,1.694,4.83,17.9535,0.21
2021-03-05,1.75,,4.0,0.25,,3.5,,,,,,,0.25,2.0,0.5,0.25,,,0.1,0.0,,1.75,,0.77,1.55,0.36,0.5977,0.939,1.94,3.642,4.282,0.3,1.697,4.83,17.9535,0.21
2021-03-08,1.75,,4.0,0.25,,3.5,,,,,,,0.25,2.0,0.5,0.25,,,0.1,0.0,,1.75,,0.77,1.55,0.36,0.5977,1.005,1.94,3.642,4.285,0.3,1.692,,17.9535,0.21
2021-03-09,1.75,,4.0,0.25,,3.5,,,,,,,0.25,2.0,0.5,0.25,,,0.1,0.0,,1.75,,0.77,1.55,0.36,0.5977,0.918,1.94,3.642,4.284,0.3,1.686,4.83,17.9535,0.21
2021-03-10,1.75,,4.0,0.25,,3.5,,,,,,,0.25,2.0,0.5,0.25,,,0.1,0.0,,1.75,,0.77,1.55,0.36,0.5977,1.029,1.94,3.65,4.2844999999999995,0.3,1.679,4.84,17.9527,0.21
2021-03-11,1.75,,4.0,0.25,,3.5,,,,,,,0.25,2.0,0.5,0.25,,,0.1,0.0,,1.75,,0.77,1.55,0.36,0.5977,1.237,1.94,3.65,4.2844999999999995,0.3,1.6680000000000001,4.84,17.9533,0.21
2021-03-12,1.75,,4.0,0.25,,3.5,,,,,,,0.25,2.0,0.5,0.25,,,0.1,0.0,,1.75,,0.77,1.55,0.36,0.596,1.053,1.94,3.658,4.283,0.3,1.62,4.83,17.9525,0.21
2021-03-15,1.75,,,0.25,,3.5,,,,,,,0.25,2.0,0.5,0.25,,,0.1,0.0,,1.75,,,1.545,0.36,0.596,0.997,1.94,3.667,,0.3,1.6139999999999999,4.83,17.9706,0.21
2021-03-16,1.75,,4.0,0.25,,3.5,,,,,,,0.25,2.0,0.5,0.25,,,0.1,0.0,,1.75,,0.77,1.55,0.36,0.596,1.097,1.94,3.667,4.2825,0.3,1.63,4.83,18.0162,0.21
2021-03-17,1.75,,4.0,0.25,,3.5,,,,,,,0.25,2.75,0.5,0.25,,,0.1,0.0,,1.75,,0.77,1.55,0.36,0.596,1.165,1.94,3.675,4.2812,0.3,1.655,4.89,18.0266,0.21
2021-03-18,1.75,,4.0,0.25,3.5,3.5,,,,,,,0.25,2.75,0.5,0.25,,0.0,0.1,0.0,,1.75,19.0,0.77,1.55,0.36,0.5967,1.312,1.94,3.675,4.2812,0.3,1.6680000000000001,4.93,18.0266,0.21
2021-03-19,1.75,,4.0,0.25,,3.5,,,,,,,0.25,2.75,0.5,0.25,,,0.1,0.0,4.5,1.75,,0.77,1.55,0.36,0.5967,1.295,1.94,3.692,4.285,0.3,1.6720000000000002,4.93,19.8257,0.21
2021-03-22,1.75,,4.0,0.25,,,,,,,,,0.25,2.75,0.5,0.25,,,0.1,0.0,,1.75,,0.77,1.55,0.36,0.5953,1.2810000000000001,1.94,,4.2837,0.3,,5.05,19.9334,0.21
2021-03-23,1.75,,4.0,0.25,,3.5,,,,,,,0.25,2.75,0.5,0.25,,,0.1,0.0,,1.75,,0.77,1.545,0.36,0.5953,1.056,1.94,3.692,4.2825,0.3,1.67,5.11,19.95,0.21
2021-03-24,1.75,0.5,4.0,0.25,,,,,,,,,0.25,2.75,0.5,0.25,,,0.1,0.0,,1.75,,0.77,1.5350000000000001,0.36,0.5937,0.975,1.94,3.692,4.2825,0.3,1.6800000000000002,5.16,19.95,0.21
2021-03-25,1.75,,4.0,0.25,,3.5,,,,,,,0.25,2.75,0.5,0.25,-0.75,,0.1,0.0,,1.75,,0.77,1.53,0.36,0.5937,0.962,1.94,3.692,4.283,0.3,1.6800000000000002,5.18,19.95,0.21
2021-03-26,1.75,,4.0,0.25,,3.5,,,,,,,0.25,2.75,0.5,0.25,,,0.1,0.0,,1.75,,0.77,1.525,0.36,0.5933,0.981,1.94,3.675,4.2862,0.3,1.6800000000000002,5.23,19.95,0.21
2021-03-29,1.75,,4.0,0.25,,3.5,,,,,,,0.25,2.75,0.5,0.25,,,0.1,0.0,,1.75,,0.77,1.525,0.36,0.5933,1.06,1.94,3.675,4.285,0.31,1.677,5.28,19.95,0.21
2021-03-30,1.75,,4.0,0.25,,3.5,,,,,,,0.25,2.75,0.5,0.25,,,0.1,0.0,,1.75,,0.77,1.525,0.36,0.5933,1.166,1.94,3.675,4.2875,0.3,1.688,5.32,19.95,0.21
2021-03-31,1.75,,4.0,0.25,,3.5,,,,,,,0.25,2.75,0.5,0.25,,,0.1,0.0,,1.75,,0.77,1.53,0.36,0.5933,1.291,1.94,3.675,4.2875,0.3,1.682,5.33,19.95,0.21
2021-04-01,1.75,,,,,3.5,,,,,,,0.25,2.75,0.5,0.25,,,0.1,0.0,,1.75,,0.78,1.52,0.36,0.5933,,1.94,3.675,,0.3,,5.34,19.95,0.21
2021-04-02,1.75,,,,,,,,,,,,0.25,2.75,,0.25,,,0.1,0.0,,1.75,,,1.5150000000000001,,,,1.94,,,,,5.34,19.95,0.21
2021-04-05,1.75,,4.0,0.25,,,,,,,,,0.25,2.75,0.5,0.25,,,0.1,0.0,,1.75,,,1.51,,,1.233,1.94,,4.288,0.3,1.685,5.33,19.95,
2021-04-06,1.75,,4.0,0.25,,3.5,,,,0.1,,,0.25,2.75,0.5,0.25,,,0.1,0.0,,1.75,,0.78,1.51,0.36,0.5933,1.242,1.94,3.675,4.2885,0.3,1.6840000000000002,5.33,19.95,0.21
2021-04-07,1.75,,4.0,0.25,,3.5,,,,,4.0,0.1,0.25,2.75,0.5,0.25,,,0.1,0.0,,1.75,,0.78,1.5,0.36,0.5933,1.321,1.94,3.667,4.2875,,1.688,5.33,19.95,0.21
2021-04-08,1.75,,4.0,0.25,,3.5,,,,,,,0.25,2.75,0.5,0.25,,,0.1,0.0,,1.75,,0.79,1.4849999999999999,0.36,0.5933,1.371,1.94,3.667,4.2875,0.3,1.69,5.33,19.95,0.21
2021-04-09,1.75,,4.0,0.25,,3.5,,,,,,,0.25,2.75,0.5,0.25,,,0.1,0.0,,1.75,,0.79,1.47,0.36,0.5933,,1.94,3.667,4.2885,0.3,1.696,5.34,19.95,0.21
2021-04-12,1.75,,4.0,0.25,,3.5,,,,,,,0.25,2.75,0.5,0.25,,,0.1,0.0,,1.75,,0.79,1.465,0.36,0.5933,1.366,1.94,3.667,4.2875,0.3,1.688,5.32,19.95,0.21
2021-04-13,1.75,,4.0,0.25,,3.5,,,,,,,,2.75,0.5,0.25,,,0.1,0.0,,1.75,,0.79,1.46,0.36,0.5933,1.512,1.94,3.667,4.2885,0.3,1.692,5.33,19.95,0.21
2021-04-14,1.75,,4.0,0.25,,3.5,0.25,,,,,,0.25,2.75,0.5,0.25,,,0.1,0.0,,1.75,,0.79,1.45,0.36,0.5933,1.376,1.94,3.667,4.285,0.3,1.696,5.32,19.95,0.21
2021-04-15,1.75,,4.0,0.25,,3.5,,,0.5,,,,0.25,2.75,0.5,0.25,,,0.1,0.0,,1.75,19.0,0.79,1.445,0.36,0.5933,1.333,1.94,3.667,4.2831,0.3,1.693,5.34,19.95,0.21
2021-04-16,1.75,,4.0,0.25,,3.5,,,,,,,0.25,2.75,0.5,0.25,,,0.1,0.0,,1.75,,0.79,1.445,0.36,0.5933,1.206,1.94,3.675,4.2815,0.3,1.693,5.34,19.95,0.21
2021-04-19,1.75,,4.0,0.25,,3.5,,,,,,,0.25,2.75,0.5,0.25,,,0.1,0.0,,1.75,,0.79,1.445,0.36,0.5933,1.193,1.94,3.675,4.2825,0.3,1.7,5.38,19.95,0.21
2021-04-20,1.75,,4.0,0.25,3.5,3.5,,,,,,,0.25,2.75,0.5,0.25,,,0.1,0.0,,1.75,,0.79,1.445,0.36,0.5933,0.963,1.94,3.675,4.2829,0.3,1.7,5.35,19.95,0.21
2021-04-21,1.75,,4.0,0.25,,3.5,,,,,,,0.25,2.75,0.5,0.25,,,0.1,0.0,,1.75,,0.79,1.445,0.36,0.5933,0.786,1.94,3.675,4.281,0.3,1.7029999999999998,5.35,19.95,0.21
2021-04-22,1.75,,4.0,0.25,,3.5,,,,,,,0.25,2.75,0.5,0.25,,,0.1,0.0,,1.75,,0.79,1.445,0.36,0.5933,0.933,1.94,3.675,4.281,0.3,1.708,5.38,19.95,0.21
2021-04-23,1.75,,4.0,0.25,,3.5,,,,,,,0.25,2.75,0.5,0.25,,,0.1,0.0,5.0,1.75,,0.79,1.445,0.36,0.5933,0.83,1.94,3.675,4.2825,0.3,1.709,5.38,,0.21
2021-04-26,1.75,,4.0,0.25,,3.5,,,,,,,0.25,2.75,0.5,0.25,,,0.1,0.0,,1.75,,0.79,1.445,0.36,0.5913,0.837,1.94,3.675,4.281,0.3,1.71,5.65,19.95,0.21
2021-04-27,1.75,,4.0,0.25,,,,0.0,,,,,0.25,2.75,0.5,0.25,,,0.1,0.0,,1.75,,0.79,1.445,0.36,0.5913,0.733,1.94,,4.281,0.3,1.71,5.68,19.95,0.21
2021-04-28,1.75,,4.0,0.25,,3.5,,,,,,,0.25,2.75,0.5,0.25,,,0.1,0.0,,1.75,,0.79,1.445,0.36,0.5913,0.911,1.94,3.675,4.281,0.3,1.706,5.71,19.95,0.21
2021-04-29,1.75,,4.0,0.25,,3.5,,,,,,,0.25,2.75,0.5,0.25,,,0.1,0.0,,1.75,,0.79,1.445,0.36,0.5913,0.995,,3.675,4.283,0.3,1.7109999999999999,5.71,19.95,0.21
2021-04-30,1.75,,4.0,0.25,,3.5,,,,,,,0.25,2.75,0.5,0.25,,,0.1,0.0,,1.75,,0.79,,0.36,,0.999,1.94,3.675,4.285,,1.7149999999999999,5.7,19.95,0.21
2021-05-03,1.75,,4.0,0.25,,3.5,,,,,,,0.25,2.75,0.5,0.25,,,0.1,0.0,,1.75,,0.79,,0.36,0.5913,0.855,1.94,3.675,4.2852,0.3,1.716,,19.95,
2021-05-04,1.75,,4.0,0.25,,3.5,,,,0.1,,,0.25,2.75,0.5,0.25,,,0.1,0.0,,1.75,,0.79,1.445,0.36,0.5913,0.862,1.94,3.675,4.286,0.3,1.717,5.71,19.95,0.21
2021-05-05,1.75,0.5,4.0,0.25,,3.5,,,,,,0.1,0.25,3.5,0.5,0.25,,,0.1,0.0,,1.75,,0.79,1.445,0.36,0.5913,0.883,1.94,3.675,4.284,0.3,1.716,5.7,19.95,0.21
2021-05-06,1.75,,4.0,0.25,,3.5,,,,,,,0.25,3.5,0.5,0.25,,0.0,0.1,0.0,,1.75,19.0,0.79,1.445,0.36,0.5913,1.033,1.94,3.675,4.2837,0.3,1.716,5.6899999999999995,19.95,0.21
2021-05-07,1.75,,4.0,0.25,,3.5,,,,,,,0.25,3.5,0.5,0.25,,,0.1,0.0,,1.75,,0.79,1.445,0.36,0.5913,1.012,1.94,3.675,4.2837,0.3,1.716,5.6899999999999995,19.95,0.21
2021-05-10,1.75,,4.0,0.25,,3.5,,,,,,,0.25,3.5,0.5,0.25,,,0.1,0.0,,1.75,,0.79,1.44,0.36,0.5913,1.183,1.94,3.675,4.285,0.3,1.71,,19.95,0.21
2021-05-11,1.75,,4.0,0.25,,3.5,,,,,,,0.25,3.5,0.5,0.25,,,0.1,0.0,,1.75,,0.79,1.3900000000000001,0.36,0.5907,1.223,1.94,3.675,4.2875,0.3,1.709,5.6899999999999995,19.95,0.21
2021-05-12,1.75,,4.0,0.25,,3.5,,,,,,,0.25,3.5,0.5,0.25,,,0.1,0.0,,1.75,,0.79,1.3900000000000001,0.36,0.5907,1.188,1.94,3.675,4.2872,0.3,1.714,5.6899999999999995,19.95,0.21
2021-05-13,1.75,,4.0,0.25,,3.5,,,,,,,0.25,3.5,0.5,0.25,,,0.1,0.0,,1.75,,0.79,1.3900000000000001,0.36,0.5907,,,3.675,4.2897,0.3,1.714,5.6899999999999995,,0.21
2021-05-14,1.75,,4.0,0.25,,3.5,,,,,,,0.25,3.5,0.5,0.25,,,0.1,0.0,,1.75,,0.79,1.3900000000000001,0.36,0.5907,1.1360000000000001,,3.675,4.29,0.3,1.714,5.6899999999999995,,0.21
2021-05-17,1.75,,4.0,0.25,,3.5,,,,,,,0.25,3.5,0.5,0.25,,,0.1,0.0,,1.75,,0.85,1.3900000000000001,0.36,0.5907,1.028,1.94,3.675,4.2892,0.3,,5.7,19.95,0.21
2021-05-18,1.75,,4.0,0.25,,3.5,,,,,,,0.25,3.5,0.5,0.25,,,0.1,0.0,,1.75,,0.88,1.3900000000000001,0.36,0.5907,0.959,1.94,3.675,4.289,0.3,1.7149999999999999,5.7,19.95,0.21
2021-05-19,1.75,,4.0,0.25,,,,,,,,,0.25,3.5,0.5,0.25,,,0.1,0.0,,1.75,,0.89,1.3900000000000001,0.36,0.5907,0.996,1.94,3.675,4.2885,0.3,1.717,5.71,,0.21
2021-05-20,1.75,,4.0,0.25,,3.5,,,,,,,0.25,3.5,0.5,0.25,,,0.1,0.0,,1.75,,0.89,1.3900000000000001,0.36,0.5907,1.068,1.94,3.675,4.2745,0.3,1.721,5.72,19.95,0.21
2021-05-21,1.75,,4.0,0.25,,3.5,,,,,,,0.25,3.5,,0.25,,,0.1,0.0,,1.75,,0.9,1.3900000000000001,0.36,0.5907,1.021,1.94,3.675,4.2815,,1.725,5.72,19.95,0.21
2021-05-24,1.75,,4.0,0.25,,3.5,,,,,,,0.25,3.5,0.5,0.25,,,0.1,0.0,,1.75,,,1.3900000000000001,0.36,0.5907,1.105,1.94,3.675,4.2824,0.3,1.7189999999999999,5.73,19.95,0.21
2021-05-25,1.75,,4.0,0.25,3.5,3.5,,,,,,,0.25,3.5,0.5,0.25,,,0.1,0.0,,1.75,,0.91,1.3900000000000001,0.37,0.5907,1.246,1.94,3.683,4.2815,0.3,1.722,5.75,19.95,0.21
2021-05-26,1.75,,4.0,0.25,,3.5,0.25,,,,,,0.25,3.5,0.5,0.25,,,0.1,0.0,,1.75,,0.91,1.3900000000000001,0.38,0.5907,1.165,,3.683,4.285,0.3,1.722,5.75,19.95,0.21
2021-05-27,1.75,,4.0,0.25,,3.5,,,0.5,,,,0.25,3.5,0.5,0.25,,,0.1,0.0,,1.75,,0.91,1.3900000000000001,0.39,0.5907,1.147,1.94,3.683,4.285,0.3,1.725,5.75,19.95,0.21
2021-05-28,1.75,,4.0,0.25,,3.5,,,,,,,0.25,3.5,0.5,0.25,,,0.1,0.0,,1.75,,0.91,1.3900000000000001,0.39,0.5907,1.117,1.94,3.683,4.284,0.3,1.726,5.75,19.95,0.21
2021-05-31,1.75,,4.0,0.25,,3.5,,,,,,,0.25,3.5,0.5,0.25,,,0.1,0.0,,1.75,,0.91,1.38,0.4,0.5907,1.157,1.94,3.683,4.283,0.3,1.716,5.75,19.95,0.21
2021-06-01,1.75,,4.0,0.25,,3.5,,,,0.1,,,,3.5,0.5,0.25,,,0.1,0.0,,1.75,,0.91,,0.4,0.5907,1.2770000000000001,1.94,3.683,4.2825,0.3,1.7149999999999999,5.78,19.95,0.21
2021-06-02,1.75,,4.0,0.25,,3.5,,,,,,,0.25,3.5,0.5,0.25,,,0.1,0.0,,1.75,,0.91,1.38,0.4,0.5907,1.4,1.94,3.683,4.2825,0.3,1.718,5.87,19.95,0.21
2021-06-03,1.75,,4.0,0.25,,3.5,,,,,,,0.25,3.5,0.5,0.25,,,0.1,0.0,,1.75,,0.92,1.37,0.4,0.5907,1.337,1.94,3.683,4.281,0.3,1.721,5.88,19.9498,
2021-06-04,1.75,,4.0,0.25,,3.5,,,,,4.0,,0.25,3.5,0.5,0.25,,,0.1,0.0,,1.75,,0.92,1.355,0.4,0.5907,1.3559999999999999,1.94,3.683,4.2822,0.3,1.718,5.9399999999999995,19.9498,0.21
2021-06-07,1.75,,4.0,0.25,,3.5,,,,,,,0.25,3.5,0.5,0.25,,,0.1,0.0,,1.75,,0.92,1.34,0.4,0.5907,1.284,,3.683,4.2815,0.3,,5.97,19.9498,0.21
2021-06-08,1.75,,4.0,0.25,,3.5,,,,,,,0.25,3.5,0.5,0.25,,,0.1,0.0,,1.75,,0.92,1.34,0.41,0.5907,1.375,1.94,3.683,4.285,0.3,1.717,6.01,19.9498,0.21
2021-06-09,1.75,,4.0,0.25,,3.5,,,,,,0.1,0.25,3.5,0.5,0.25,,,0.1,0.0,,1.75,,0.92,1.34,0.42,0.5907,1.387,1.94,3.683,4.2827,0.3,1.714,6.07,19.9494,0.21
2021-06-10,1.75,,4.0,0.25,,3.5,,,,,,,0.25,3.5,0.5,0.25,,,0.1,0.0,,1.75,,0.93,1.34,0.42,0.5907,1.299,1.94,3.683,4.282,0.3,1.712,6.14,19.9494,0.21
2021-06-11,1.75,,4.0,0.25,,3.5,,,,,,,0.25,3.5,0.5,0.25,,,0.1,0.0,5.5,1.75,,0.93,1.34,0.42,0.5907,1.294,1.94,3.683,4.285,0.3,1.713,6.18,19.9495,0.21
2021-06-14,1.75,,4.0,0.25,,3.5,,,,,,,0.25,3.5,0.5,0.25,,,0.1,0.0,,1.75,,0.93,1.34,0.42,,1.326,1.94,3.683,4.2859,0.3,,,19.9494,0.21
2021-06-15,1.75,,4.0,0.25,,3.5,,,,,,,0.25,3.5,0.5,0.25,,,0.1,0.0,,1.75,,0.93,1.34,0.42,0.5907,1.371,1.94,3.683,4.2875,0.3,1.713,6.21,19.9494,0.21
2021-06-16,1.75,,4.0,0.25,,,,,,,,,0.25,4.25,0.5,0.25,,,0.1,0.0,,1.75,,0.93,1.34,0.43,0.5907,1.337,1.94,,4.285,0.3,1.712,6.23,19.9494,0.21
2021-06-17,1.75,,4.0,0.25,3.5,3.5,,,,,,,0.25,4.25,0.5,0.25,-0.75,0.0,0.1,0.0,,1.75,19.0,0.93,1.345,0.44,0.5907,1.46,1.94,3.683,4.2855,0.3,1.712,6.29,19.9498,0.21
2021-06-18,1.75,,4.0,0.25,,3.5,,,,,,,0.25,4.25,0.5,0.25,,,0.1,0.0,,1.75,,0.93,1.34,0.44,0.5907,1.373,1.94,3.692,4.2856,0.35,1.712,6.37,19.9498,0.21
2021-06-21,1.75,,4.0,0.25,,3.5,,,,,,,0.25,4.25,,0.25,,,0.1,0.0,,1.75,,0.94,,0.44,0.5907,1.4060000000000001,1.94,3.692,4.285,,1.712,6.38,19.9498,0.21
2021-06-22,1.75,,4.0,0.25,,3.5,,,,,,,0.25,4.25,0.5,0.25,,,0.1,0.0,,1.75,,0.95,1.34,0.46,0.5907,1.34,1.94,3.692,4.285,0.35,1.7109999999999999,6.38,19.9498,0.21
2021-06-23,1.75,0.5,4.0,0.25,,3.5,,,,,,,0.25,4.25,0.5,0.25,,,0.1,0.0,,1.75,,1.04,1.34,0.46,0.5907,1.383,1.94,3.692,4.2827,0.35,1.712,6.38,19.9498,0.21
2021-06-24,1.75,,4.25,0.25,,3.5,,,,,,,0.25,4.25,0.5,0.25,,,0.1,0.0,,1.75,,1.04,1.35,0.66,0.5907,1.383,1.94,3.683,4.2863,0.35,1.712,6.38,19.9498,0.21
2021-06-25,1.75,,4.25,0.25,,3.5,,,,,,,0.25,4.25,0.5,0.25,,,0.1,0.0,,1.75,,1.04,1.35,0.67,0.5907,1.342,1.94,3.683,4.52,0.35,1.712,6.38,19.9498,0.21
2021-06-28,1.75,,4.25,0.25,,3.5,,,,,,,0.25,4.25,,0.25,,,0.1,0.0,,1.75,,1.05,1.3599999999999999,0.66,0.5907,1.294,1.94,3.683,4.53,,1.712,6.38,19.95,0.21
2021-06-29,1.75,,4.25,,,3.5,,,,,,,0.25,4.25,0.5,0.25,,,0.1,0.0,,1.75,,1.05,1.35,0.66,0.5907,1.299,1.94,3.683,4.5292,0.35,1.712,6.41,19.95,0.21
2021-06-30,1.75,,4.25,0.25,,3.5,,,,,,,0.25,4.25,0.5,0.25,,,0.1,0.0,,1.75,,1.05,1.35,0.66,0.5907,1.313,1.94,3.692,4.529,,1.712,6.42,19.95,0.21
2021-07-01,1.75,,4.25,0.25,,3.5,,0.0,,,,,0.25,4.25,0.5,0.25,,,0.1,0.0,,1.75,,1.05,1.35,0.66,0.5907,1.323,1.94,3.692,4.529,0.35,1.7109999999999999,6.48,19.95,0.21
2021-07-02,1.75,,4.25,0.25,,3.5,,,,,,,0.25,4.25,0.5,0.25,,,0.1,0.0,,1.75,,1.05,1.35,0.66,0.5907,1.4,1.94,3.692,4.5265,0.35,1.712,6.49,19.95,0.21
2021-07-05,1.75,,4.25,0.25,,3.5,,,,,,,0.25,4.25,0.5,0.25,,,0.1,0.0,,1.75,,1.05,1.35,,0.5907,1.421,1.94,3.692,4.5265,0.35,,6.44,19.95,0.21
2021-07-06,1.75,,4.25,0.25,,3.5,,,,0.1,,,0.25,4.25,0.5,0.25,,,0.1,0.0,,1.75,,1.05,1.35,,0.5907,1.444,1.94,3.692,4.5245,0.35,1.714,6.51,19.9498,0.21
2021-07-07,1.75,,4.25,0.25,,3.5,,,,,,,0.25,4.25,0.5,0.25,,,0.1,0.0,,1.75,,1.05,1.345,0.66,0.5907,1.5350000000000001,1.94,3.692,4.524,0.36,1.713,6.54,19.95,0.21
2021-07-08,1.75,,4.25,0.25,,3.5,,,,,,0.1,0.25,4.25,0.5,0.25,,,0.1,0.0,,1.75,,1.05,1.355,0.66,0.5907,1.415,1.94,3.692,4.5235,0.35,1.714,6.5600000000000005,19.95,0.21
2021-07-09,1.75,,4.25,0.25,,3.5,,,,,,,0.25,4.25,0.5,0.25,,,0.1,0.0,,1.75,,1.06,1.3599999999999999,0.66,0.5907,1.486,1.94,3.692,4.525,0.37,1.712,6.65,19.95,0.21
2021-07-12,1.75,,4.25,0.25,,3.5,,,,,,,0.25,4.25,0.5,0.25,,,0.1,0.0,,1.75,,1.07,1.355,0.67,0.5907,1.534,1.94,3.692,4.524,0.37,1.712,6.68,19.95,0.21
2021-07-13,1.75,,4.25,0.25,,3.5,,,,,,,,4.25,0.5,0.25,,,0.1,0.0,,1.75,,1.07,1.355,0.68,0.5907,1.6099999999999999,1.94,3.692,4.5225,0.43,1.714,6.73,19.95,0.21
2021-07-14,1.75,,4.25,0.25,,3.5,0.25,,,,,,0.25,4.25,0.75,0.25,,,0.1,0.0,,1.75,19.0,1.07,1.355,0.68,0.5907,1.499,1.94,3.692,4.5245,0.42,1.713,6.76,19.95,0.21
2021-07-15,1.75,,4.25,0.25,,3.5,,,0.5,,,,0.25,4.25,0.75,0.25,,,0.1,0.0,,1.75,,1.07,1.35,0.69,0.5907,1.45,1.94,3.692,4.5227,0.7,1.714,6.74,,0.21
2021-07-16,1.75,,4.25,0.25,,3.5,,,,,,,0.25,4.25,,0.25,,,0.1,0.0,,1.75,,1.07,1.3599999999999999,0.69,0.5907,1.34,1.94,3.692,4.5215,,1.7149999999999999,6.78,19.95,0.21
2021-07-19,1.75,,4.25,0.25,,3.5,,,,,,,0.25,4.25,0.75,0.25,,,0.1,0.0,,1.75,,1.07,1.355,0.7,0.5907,1.276,1.94,3.692,4.5215,0.65,1.717,6.76,19.95,0.21
2021-07-20,1.75,,4.25,0.25,,3.5,,,,,,,0.25,4.25,0.75,0.25,,,0.1,0.0,,1.75,,1.07,1.355,0.71,0.5907,,,3.683,4.4922,0.6,,6.8100000000000005,,0.21
2021-07-21,1.75,,4.25,0.25,,,,,,,,,0.25,4.25,0.75,0.25,,,0.1,0.0,,1.75,,1.07,1.355,0.71,0.5907,1.3780000000000001,1.94,3.683,4.5055,0.6,1.716,6.82,,0.21
2021-07-22,1.75,,4.25,0.25,3.5,3.5,,,,,,,0.25,4.25,0.75,0.25,,,0.1,0.0,,1.75,,1.07,1.35,0.71,0.5907,1.433,1.94,3.683,4.514,0.75,1.716,6.82,,0.21
2021-07-23,1.75,,4.25,0.25,,3.5,,,,,,,0.25,4.25,0.75,0.25,,,0.1,0.0,6.5,1.75,,1.07,1.355,0.71,0.5907,1.346,1.94,3.683,4.514,0.75,1.716,6.82,,0.21
2021-07-26,1.75,,4.25,0.25,,3.5,,,,,,,0.25,4.25,0.75,0.25,,,0.1,0.0,,1.75,,1.07,1.3599999999999999,0.71,0.5907,1.324,1.94,3.683,4.513,0.75,1.716,7.13,19.95,0.21
2021-07-27,1.75,,4.25,0.25,,3.5,,,,,,,0.25,4.25,0.75,0.25,,,0.1,0.0,,1.75,,1.07,1.37,0.71,0.5907,1.354,1.94,3.683,4.5125,0.75,1.716,7.16,19.95,0.21
2021-07-28,1.75,,4.25,,,3.5,,,,,,,0.25,4.25,0.75,0.25,,,0.1,0.0,,1.75,,1.33,1.37,0.72,0.5907,1.374,1.94,3.683,4.515,0.75,1.7149999999999999,7.14,19.95,0.21
2021-07-29,1.75,,4.25,,,3.5,,,,,,,0.25,4.25,0.75,0.25,,,0.1,0.0,,1.75,,1.35,1.37,0.73,0.5907,1.413,1.94,3.683,4.5142,0.75,1.712,7.19,19.95,0.21
2021-07-30,1.75,,4.25,0.25,,3.5,,,,,,,0.25,4.25,0.75,0.25,,,0.1,0.0,,1.75,,1.35,1.37,0.76,0.5907,1.259,1.94,3.683,4.5135,,1.712,7.2,19.95,0.21
2021-08-02,1.75,,4.25,0.25,,3.5,,,,,,,0.25,4.25,0.75,0.25,,,0.1,0.0,,1.75,,1.35,1.37,0.78,0.5907,1.37,1.94,3.683,4.5125,0.75,1.712,7.2,19.95,0.21
2021-08-03,1.75,,4.25,0.25,,3.5,,,,0.1,,,0.25,4.25,0.75,0.25,,,0.1,0.0,,1.75,,1.35,1.37,0.8,0.5907,1.275,1.94,3.683,4.514,0.75,1.714,7.2,19.95,0.21
2021-08-04,1.75,0.5,4.25,0.25,,3.5,,,,,,,0.25,5.25,0.75,0.25,,,0.1,0.0,,1.75,,1.35,1.37,0.81,0.5907,1.271,1.94,3.683,4.5125,0.75,1.714,7.2,19.95,0.21
2021-08-05,1.75,,4.25,0.25,,3.5,,,,,,,0.25,5.25,0.75,0.25,,,0.1,0.0,,1.75,,1.35,1.37,0.82,0.5907,1.313,1.94,3.683,4.5133,0.75,1.714,7.21,19.95,0.21
2021-08-06,1.75,,4.25,0.25,,3.5,,,,,4.0,,0.25,5.25,0.75,0.25,,,0.1,0.0,,1.75,,1.35,1.37,0.94,0.5907,1.361,1.94,3.683,4.5115,0.75,1.714,7.21,19.95,0.21
2021-08-09,1.75,,4.25,0.25,,,,,,,,,0.25,5.25,0.75,0.25,,,0.1,0.0,,1.75,,1.35,1.37,0.95,0.5907,1.379,1.94,,4.5125,0.75,1.713,7.21,19.95,0.21
2021-08-10,1.75,,4.25,0.25,,3.5,,,,,,,0.25,5.25,0.75,0.25,,,0.1,0.0,,1.75,,1.35,1.37,0.96,0.5907,1.339,,3.675,4.5147,,1.713,7.21,19.95,0.21
2021-08-11,1.75,,4.25,0.25,,3.5,,,,,,,0.25,5.25,0.75,0.25,,,0.1,0.0,,1.75,,1.3599999999999999,1.38,0.97,0.5907,1.409,1.94,3.675,4.52,0.75,1.713,7.19,19.95,0.21
2021-08-12,1.75,,4.5,0.5,,3.5,,,,,,,0.25,5.25,0.75,0.25,,,0.1,0.0,,1.75,19.0,1.37,1.38,0.97,0.5907,1.3780000000000001,1.94,3.675,4.5315,0.75,1.713,7.2,19.95,0.21
2021-08-13,1.75,,4.5,0.5,,3.5,,,,,,,0.25,5.25,0.75,0.25,,,0.1,0.0,,1.75,,1.38,1.38,0.97,0.5907,1.3639999999999999,1.94,3.675,4.7524999999999995,0.75,1.713,7.21,19.95,0.21
2021-08-16,1.75,,4.5,0.5,,3.5,,,,,,,0.25,5.25,0.75,0.25,,,0.1,0.0,,1.75,,1.38,1.38,0.97,0.5907,1.442,1.94,3.675,4.7532,0.75,,7.21,19.95,0.21
2021-08-17,1.75,,4.5,0.5,,3.5,,,,,,,0.25,5.25,0.75,0.25,,,0.1,0.0,,1.75,,1.3900000000000001,1.38,0.97,0.5907,1.446,1.94,3.675,4.7528,0.75,1.714,7.2,19.95,0.21
2021-08-18,1.75,,4.5,0.5,,3.5,0.25,,,,,,0.25,5.25,0.75,0.25,,,0.1,0.0,,1.75,,1.4,1.38,0.97,0.5907,1.445,1.94,3.675,4.755,0.75,1.714,7.23,19.95,0.21
2021-08-19,1.75,,4.5,0.5,3.5,3.5,,,,,,,0.25,5.25,0.75,0.25,,0.0,0.1,0.0,,1.75,,1.41,1.3900000000000001,0.97,0.5907,1.41,1.94,3.675,4.7575,0.75,1.714,7.23,19.95,0.21
2021-08-20,1.75,,4.5,0.5,,3.5,,,,,,,0.25,5.25,0.75,0.25,,,0.1,0.0,,1.75,,,1.42,0.97,0.5907,1.413,1.94,3.675,4.7587,0.75,1.714,7.23,19.95,0.21
2021-08-23,1.75,,4.5,0.5,,3.5,,,,,,,0.25,5.25,0.75,0.25,,,0.1,0.0,,1.75,,1.42,1.45,0.97,0.5907,1.427,1.94,3.675,4.755,,1.714,7.23,19.95,0.21
2021-08-24,1.75,,4.5,0.5,,3.5,,,,,,,0.25,5.25,0.75,0.25,,,0.1,0.0,,1.75,,1.44,1.45,0.97,0.5907,1.396,1.94,3.675,4.7544,0.75,1.717,7.23,19.95,0.21
2021-08-25,1.75,,4.5,0.5,,3.5,,,,,,,0.25,5.25,0.75,0.25,,,0.1,0.0,,1.75,,1.6099999999999999,1.45,0.97,0.5907,1.343,1.94,3.675,4.7545,0.75,1.717,7.23,19.95,0.21
2021-08-26,1.75,,4.5,0.5,,3.5,,,0.75,,,,0.25,5.25,0.75,0.25,,,0.1,0.0,,1.75,,1.6099999999999999,1.45,0.97,0.5907,1.296,1.94,3.675,4.7501999999999995,0.75,1.7189999999999999,7.23,19.95,0.21
2021-08-27,1.75,,4.5,0.5,,3.5,,,,,,,0.25,5.25,0.75,0.25,,,0.1,0.0,,1.75,,1.6099999999999999,1.45,0.97,0.5907,1.292,1.94,3.667,4.75,0.75,1.721,7.23,19.95,0.21
2021-08-30,1.75,,4.5,,,3.5,,,,,,,0.25,5.25,0.75,0.25,,,0.1,0.0,,1.75,,1.6,1.45,0.98,0.5907,,1.94,3.667,4.751,0.75,1.72,7.23,,0.22
2021-08-31,1.75,,4.5,0.5,,3.5,,,,,,,0.25,5.25,1.5,0.25,,,0.1,0.0,,1.75,,1.6,1.45,0.99,0.5907,1.292,,3.667,4.749,,1.7189999999999999,7.23,19.95,0.23
2021-09-01,1.75,,4.5,0.5,,3.5,,,,,,,0.25,5.25,1.5,0.25,,,0.1,0.0,,1.75,,1.6,1.45,0.99,0.5907,1.295,1.94,3.667,4.7501999999999995,,1.721,7.23,19.95,0.23
2021-09-02,1.75,,4.5,0.5,,3.5,,,,,,,0.25,5.25,1.5,0.25,,,0.1,0.0,,1.75,,1.6,1.455,1.01,0.5907,1.319,1.94,3.667,4.7455,,1.724,7.23,19.9498,0.24
2021-09-03,1.75,,4.5,0.5,,3.5,,,,,,,0.25,5.25,1.5,0.25,,,0.1,0.0,,1.75,,1.6,1.45,1.02,0.5907,1.3439999999999999,1.94,3.667,4.7425,,1.7269999999999999,7.26,19.9498,0.24
2021-09-06,1.75,,4.5,0.5,,3.5,,,,,,,0.25,5.25,1.5,0.25,,,0.1,0.0,,1.75,,1.6,1.455,1.03,0.5907,1.323,1.94,3.667,4.7436,1.5,1.728,7.27,19.9494,0.24
2021-09-07,1.75,,4.5,0.5,,3.5,,,,0.1,,,0.25,5.25,1.5,0.25,,,0.1,0.0,,1.75,,1.6,1.46,1.04,0.5907,1.286,1.94,3.667,4.7471,,1.725,7.28,19.9494,0.24
2021-09-08,1.75,,4.5,0.5,,3.5,,,,,,0.1,0.25,5.25,1.5,0.25,,,0.1,0.0,,1.75,,1.6,1.46,1.05,0.5907,1.291,1.94,3.667,4.7485,,1.716,7.31,19.9494,0.24
2021-09-09,1.75,,4.5,1.0,,3.5,,,,,,,0.25,5.25,1.5,0.25,,,0.1,0.0,,1.75,,1.5699999999999998,1.46,1.07,0.5907,1.288,1.94,3.667,4.7445,1.5,1.7109999999999999,7.35,19.939,0.24
2021-09-10,1.75,,4.5,1.0,,3.5,,,,,,,0.25,5.25,1.5,0.25,,,0.1,0.0,6.75,1.75,,1.5699999999999998,1.46,1.09,0.5907,1.266,1.94,3.667,4.745,1.5,1.7109999999999999,7.43,19.939,0.24
2021-09-11,,,,,,,,,,,,,,,,,,,,,,,,,,,0.5907,,,,,,,,,
2021-09-13,1.75,,4.5,1.0,,3.5,,,,,,,0.25,5.25,1.5,0.25,,,0.1,0.0,,1.75,,1.58,1.46,1.1,0.5907,1.2429999999999999,1.94,3.675,4.7425,1.5,1.7149999999999999,7.47,19.9139,0.24
2021-09-14,1.75,,4.5,1.0,,3.5,,,,,,,0.25,5.25,1.5,0.25,,,0.1,0.0,,1.75,,1.6,1.455,1.12,0.5907,1.146,1.94,3.675,4.745,1.5,1.7189999999999999,7.46,19.8972,0.24
2021-09-15,1.75,,4.5,1.0,,3.5,,,,,,,0.25,5.25,1.5,0.25,,,0.1,0.0,,1.75,,1.6,1.46,1.12,0.5907,1.208,1.94,3.675,4.745,1.5,1.722,7.46,19.8962,0.24
2021-09-16,1.75,,,1.0,,3.5,,,,,,,0.25,5.25,1.5,0.25,,,0.1,0.0,,1.75,,1.6099999999999999,1.46,1.12,0.5907,1.149,,3.675,,1.5,1.7269999999999999,7.46,19.9004,0.24
2021-09-17,1.75,,4.5,1.0,,3.5,,,,,,,0.25,5.25,,0.25,,,0.1,0.0,,1.75,,1.62,1.46,1.12,0.5907,1.117,1.94,3.675,4.745,,1.7309999999999999,7.45,19.8877,0.24
2021-09-20,1.75,,4.5,1.0,,3.5,,,,,,,0.25,5.25,1.5,0.25,,,0.1,0.0,,1.75,,1.6400000000000001,1.46,1.13,,1.15,1.94,3.675,4.744,1.5,1.733,7.45,19.9094,0.24
2021-09-21,1.75,,4.5,1.0,3.5,3.5,,0.0,,,,,0.25,5.25,1.5,0.25,,,0.1,0.0,,1.75,,1.6600000000000001,1.46,1.1400000000000001,,1.17,1.9300000000000002,3.675,4.7445,1.5,1.734,7.45,19.8856,0.24
2021-09-22,1.75,,4.5,1.0,,3.5,,,,,,,0.25,6.25,1.5,0.25,,,0.1,0.0,,1.75,,1.72,1.46,1.15,0.5907,1.248,1.9300000000000002,3.675,4.7475000000000005,1.5,1.7349999999999999,7.46,19.8846,0.24
2021-09-23,1.75,,4.5,1.0,,3.5,,,,,,,0.25,6.25,1.5,0.25,-0.75,0.25,0.1,0.0,,1.75,18.0,1.74,1.46,1.16,0.5907,1.297,1.9300000000000002,3.675,4.7475000000000005,1.5,1.7349999999999999,7.47,19.8856,0.24
2021-09-24,1.75,,4.5,1.0,,,,,,,,,0.25,6.25,1.5,0.25,,,0.1,0.0,,1.75,,1.76,1.5,1.17,0.5907,1.209,1.9300000000000002,,4.7465,1.5,1.738,7.47,18.8618,0.24
2021-09-27,1.75,,4.5,1.0,,3.5,,,,,,,0.25,6.25,1.5,0.25,,,0.1,0.0,,1.75,,1.77,1.525,1.17,0.5907,1.259,1.9300000000000002,3.675,4.7475000000000005,1.5,1.741,7.47,18.8262,0.24
2021-09-28,1.75,,4.5,1.0,,3.5,,,,,,,0.25,6.25,1.5,0.25,,,0.1,0.0,,1.75,,1.78,1.545,,0.5907,1.31,1.9300000000000002,3.675,4.7487,1.5,1.7429999999999999,7.48,18.8036,0.24
2021-09-29,1.75,0.5,4.5,1.0,,3.5,,,,,,,0.25,6.25,1.5,0.25,,,0.1,0.0,,1.75,,1.77,1.5899999999999999,1.2,0.5907,1.302,1.9300000000000002,3.675,4.749,1.5,1.744,7.51,18.8036,0.24
2021-09-30,1.75,,4.75,1.0,,3.5,,,,,,,0.25,6.25,1.5,0.25,,,0.1,0.0,,1.75,,1.76,1.62,1.24,0.5907,1.2389999999999999,1.9300000000000002,3.675,4.7515,,1.745,7.55,18.8036,0.23
2021-10-01,1.75,,4.75,1.0,,3.5,,,,,,,0.25,6.25,1.5,0.25,,,0.1,0.0,,2.0,,1.76,1.635,1.8199999999999998,0.5907,1.438,1.94,3.675,4.965,1.5,1.9729999999999999,7.57,18.8036,0.24
2021-10-04,1.75,,4.75,1.0,,3.5,,,,,,,0.25,6.25,1.5,0.25,,,0.1,0.0,,2.0,,1.77,1.6600000000000001,1.83,0.5907,1.454,1.94,3.675,4.9825,1.5,1.979,7.55,18.8036,0.25
2021-10-05,1.75,,4.75,1.0,,3.5,,,,0.1,,,0.25,6.25,1.5,0.25,,,0.1,0.0,,2.0,,1.79,1.6600000000000001,1.8599999999999999,0.5907,1.637,1.94,3.675,4.985,1.5,1.98,7.5600000000000005,18.8036,0.25
2021-10-06,1.75,,4.75,1.0,,3.5,0.5,,,,,0.5,0.25,6.25,1.5,0.25,,,0.1,0.0,,2.0,,1.8,1.92,1.8900000000000001,0.5907,1.8239999999999998,1.94,3.675,4.9875,,1.976,7.55,18.8036,0.25
2021-10-07,1.75,,4.75,1.5,,3.5,,,,,,,0.25,6.25,1.5,0.25,,,0.1,0.0,,2.0,,1.81,1.95,1.9100000000000001,0.5907,1.612,1.94,3.683,4.9825,1.5,1.975,7.63,18.8036,0.63
2021-10-08,1.75,,4.75,1.5,,3.5,,,,,4.0,,0.25,6.25,1.5,0.25,,,0.1,0.0,,2.0,,1.8199999999999998,1.95,1.9300000000000002,0.5907,1.411,1.94,3.683,4.985,1.5,1.962,7.65,18.8036,0.65
2021-10-11,1.75,,4.75,1.5,,3.5,,,,,,,0.25,6.25,,0.25,,,0.1,0.0,,2.0,,1.83,1.96,1.95,,1.415,1.94,3.683,4.9862,,1.9649999999999999,7.67,18.8036,0.66
2021-10-12,1.75,,4.75,1.5,,3.5,,,0.75,,,,0.25,6.25,1.5,0.25,,,0.1,0.0,,2.0,,1.8399999999999999,1.96,1.98,0.5907,1.47,1.94,3.683,4.9825,1.5,1.959,7.7,18.8036,0.67
2021-10-13,1.75,,4.75,1.5,,3.5,,,,,,,0.25,6.25,2.75,0.25,,,0.1,0.0,,2.0,,1.85,1.98,2.0,0.5907,1.467,1.94,3.683,4.9857,1.5,1.9689999999999999,7.73,18.8078,0.68
2021-10-14,1.75,,4.75,1.5,,3.5,,,,,,,0.25,6.25,2.75,0.25,,,0.1,0.0,,2.0,,1.85,2.0,2.03,0.592,1.4809999999999999,1.94,3.683,4.9806,2.75,1.9729999999999999,7.77,18.8232,0.68
2021-10-15,1.75,,4.75,1.5,,3.5,,,,,,,0.25,6.25,2.75,0.25,,,0.1,0.0,,2.0,,1.8599999999999999,2.05,2.05,0.594,1.418,1.94,3.683,4.9855,2.75,1.9769999999999999,7.78,18.8036,0.69
2021-10-18,1.75,,4.75,1.5,,3.5,,,,,,,0.25,6.25,2.75,0.25,,,0.1,0.0,,2.0,,1.87,2.05,2.06,0.594,1.26,1.94,3.683,4.9875,2.75,,7.78,18.8036,0.69
2021-10-19,1.75,,4.75,1.5,3.5,3.5,,,,,,,0.25,6.25,2.75,0.25,,,0.1,0.0,,2.0,,1.8900000000000001,2.06,2.08,0.594,1.3559999999999999,,3.683,4.9825,2.75,1.978,7.8,18.8036,0.69
2021-10-20,1.75,,4.75,1.5,,3.5,,,,,,,0.25,6.25,2.75,0.25,,,0.1,0.0,,2.0,,1.97,2.1,2.09,0.5943,1.4020000000000001,1.94,3.683,4.9825,2.75,1.9609999999999999,7.8100000000000005,18.8036,0.7
2021-10-21,1.75,,4.75,1.5,,3.5,,,,,,,0.25,6.25,2.75,0.25,,,0.1,0.0,,2.0,16.0,1.98,2.1,2.1,0.5943,1.405,1.94,3.683,4.9912,2.75,1.959,7.83,18.8036,0.7
2021-10-22,1.75,,4.75,1.5,,3.5,,,,,,,0.25,6.25,2.75,0.25,,,0.1,0.0,7.5,2.0,,2.0,2.14,2.11,0.5943,1.458,1.94,3.683,4.9925,2.75,1.9609999999999999,7.88,16.7056,0.7
2021-10-25,1.75,,4.75,1.5,,3.5,,,,,,,0.25,6.25,2.75,0.25,,,0.1,0.0,,2.0,,2.0,2.15,2.13,0.5943,1.436,1.94,3.683,4.995,2.75,1.955,8.33,16.6934,0.7
2021-10-26,1.75,,4.75,1.5,,3.5,,,,,,,0.25,6.25,2.75,0.25,,,0.1,0.0,,2.0,,2.02,2.18,2.15,0.5943,1.462,1.94,3.683,4.995,2.75,1.962,8.44,16.6934,0.71
2021-10-27,1.75,,4.75,1.5,,3.5,,,,,,,0.25,7.75,2.75,0.25,,,0.1,0.0,,2.0,,2.02,2.19,2.18,0.596,1.355,1.94,3.683,4.995,2.75,1.967,8.46,16.6938,0.72
2021-10-28,1.75,,4.75,1.5,,3.5,,,,,,,0.25,7.75,2.75,0.25,,,0.1,0.0,,2.0,,2.03,2.2,,0.596,1.324,1.94,3.683,4.9962,2.75,1.972,8.47,,0.72
2021-10-29,1.75,,4.75,1.5,,3.5,,,,,,,0.25,7.75,2.75,0.25,,,0.1,0.0,,2.5,,2.04,2.21,2.18,0.596,1.194,1.94,3.683,4.9975000000000005,2.75,1.966,8.47,,0.74
2021-11-01,1.75,,4.75,,,,,,,,,,0.25,7.75,,0.25,,,0.1,0.0,,2.5,,,2.21,2.2,0.596,,1.94,,5.0004,,,8.48,16.6979,
2021-11-02,1.75,,,1.5,,3.5,,,,0.1,,,0.25,7.75,2.75,0.25,,,0.1,0.0,,2.5,,2.05,2.21,2.21,0.597,1.146,1.94,3.683,,2.75,2.445,8.48,16.6959,0.78
2021-11-03,1.75,,4.75,1.5,,3.5,,,,,,1.25,0.25,7.75,2.75,0.25,,,0.1,0.0,,2.5,,2.05,2.21,2.22,0.597,1.296,1.94,3.683,5.0022,2.75,2.454,8.48,16.6938,0.84
2021-11-04,1.75,,4.75,1.5,,3.5,,,,,,,0.25,7.75,2.75,0.25,,0.25,0.1,0.0,,2.5,,2.06,2.25,2.2800000000000002,0.597,1.4020000000000001,,3.683,4.9754000000000005,,2.458,,16.6938,1.26
2021-11-05,1.75,,4.75,1.5,,3.5,,,,,,,0.25,7.75,2.75,0.25,,,0.1,0.0,,2.5,,2.06,2.2800000000000002,3.06,0.597,1.418,1.94,3.683,4.9902,2.75,2.451,,16.6938,1.56
