,S0042FC 1Y1D BCAL Curncy,S0147FC 1Y1D BCAL Curncy,S0083FC 1Y1D BCAL Curncy,S0193FC 1Y1D BCAL Curncy,S0089FC 1Y1D BCAL Curncy,S0133FC 1Y1D BCAL Curncy,S0141FC 1Y1D BCAL Curncy,S0254FC 1Y1D BCAL Curncy,S0312FC 1Y1D BCAL Curncy,S0319FC 1Y1D BCAL Curncy,S0322FC 1Y1D BCAL Curncy,S0159FC 1Y1D BCAL Curncy,S0198FC 1Y1D BCAL Curncy,S0046FC 1Y1D BCAL Curncy,S0057FC 1Y1D BCAL Curncy,S0225FC 1Y1D BCAL Curncy,S0324FC 1Y1D BCAL Curncy,S0018FC 1Y1D BCAL Curncy,S0179FC 1Y1D BCAL Curncy,S0329FC 1Y1D BCAL Curncy,S0039FC 1Y1D BCAL Curncy,S0164FC 1Y1D BCAL Curncy,S0041FC 1Y1D BCAL Curncy,S0081FC 1Y1D BCAL Curncy,S0172FC 1Y1D BCAL Curncy,S0020FC 1Y1D BCAL Curncy
,PX_Last,PX_Last,PX_Last,PX_Last,PX_Last,PX_Last,PX_Last,PX_Last,PX_Last,PX_Last,PX_Last,PX_Last,PX_Last,PX_Last,PX_Last,PX_Last,PX_Last,PX_Last,PX_Last,PX_Last,PX_Last,PX_Last,PX_Last,PX_Last,PX_Last,PX_Last
2020-01-01,1.4713,1.6673,6.2129,1.7039,5.3341,-0.495,0.616,-0.7475,1.5244,2.0445,1.4325,0.5673,0.9401,5.0029,1.0006,2.4592,1.1724999999999999,6.2,5.9416,4.5986,2.8778,16.5495,1.1362,4.412,1.2533,-0.3373
2020-01-02,1.4558,1.5963,6.1733,1.7106,5.3074,-0.491,0.6184,-0.7695,1.4901,2.0304,1.4275,0.534,0.923,5.051,0.976,2.4592,1.1724999999999999,6.165,5.9251000000000005,4.5879,2.9,16.0245,1.1339,4.3464,1.2664,-0.3826
2020-01-03,1.3874,1.5543,6.1791,1.7227000000000001,5.2864,-0.5419,0.5867,-0.7779,1.4457,1.9919,1.41,0.4996,0.9015,5.0947,0.9284,2.4377,1.155,6.19,5.9155,4.6138,2.8849,16.7504,1.1297,4.2058,1.2206,-0.4296
2020-01-06,1.3862,1.5935000000000001,6.1859,1.7438,5.3547,-0.5207,0.6023,-0.7706,1.4537,1.9750999999999999,1.41,0.4645,0.8764,5.1958,0.9564,2.4173999999999998,1.1575,6.185,5.8479,4.5992,2.8689,17.125,1.1336,4.2487,1.2667,-0.4228
2020-01-07,1.3788,1.5897000000000001,6.2406,1.7524,5.3274,-0.5419,0.6306,-0.7765,1.4426999999999999,1.9912,1.4902,0.4515,0.8646,5.2095,1.0311,2.3272,1.184,6.22,5.8824,4.6017,2.8687,15.4867,1.1369,4.0658,1.236,-0.4486
2020-01-08,1.4302000000000001,1.6111,6.2327,1.7114,5.2744,-0.5016,0.6467,-0.7822,1.434,1.9886,1.525,0.4527,0.8705,5.1032,1.0633,2.2969,1.2025000000000001,6.215,5.8645,4.5407,2.8729,14.9922,1.1335,4.314,1.234,-0.4448
2020-01-09,1.4184,1.5880999999999998,6.2803,1.6883,5.2287,-0.502,0.6055,-0.7688,1.4385,2.0113,1.5425,0.4593,0.8755,5.133,1.1252,2.3169,1.2,6.1825,5.7231,4.5285,2.88,13.8268,1.1224,4.2476,1.2382,-0.0053
2020-01-10,1.4158,1.6223,6.2368,1.726,5.264,-0.4967,0.5114,-0.7706,1.4481,2.0202,1.5575,0.4729,0.8742,5.129,1.1572,2.3283,1.1925,6.14,5.6399,4.5472,2.8899,12.7399,1.1271,4.2203,1.2423,0.0183
2020-01-13,1.4009,1.6451,6.2771,1.7450999999999999,5.2988,-0.4968,0.4421,-0.7646,1.456,2.0815,1.5975000000000001,0.4752,0.8732,5.14,1.1451,2.3251,1.2375,6.17,5.5828,4.5277,2.8727,12.4248,1.1297,4.2203,1.2322,0.0085
2020-01-14,1.4096,1.599,6.2377,1.7336,5.2404,-0.4963,0.5173,-0.7825,1.4588999999999999,2.0425,1.5503,0.4952,0.8826,5.2059,1.1372,2.4561,1.2214,6.19,5.5654,4.5353,2.8877,12.4443,1.1409,4.4392,1.214,0.0002
2020-01-15,1.4189,1.5821,6.1943,1.6837,5.1206,-0.4946,0.3885,-0.7937,1.4581,2.0282,1.545,0.4771,0.8784,5.2697,1.1203,2.4637000000000002,1.21,6.17,5.5719,4.4873,2.8783,12.7019,1.1345,4.5801,1.2053,-0.0046
2020-01-16,1.4045,1.5814,6.3011,1.6852,5.1841,-0.4929,0.4202,-0.8096,1.4708,2.0142,1.575,0.4785,0.8788,5.2584,1.1712,2.4392,1.2275,5.5173,5.5809999999999995,4.4818999999999996,2.8747,11.6684,1.1265,4.5934,1.2154,-0.0158
2020-01-17,1.4414,1.6187,6.3052,1.6928,5.1043,-0.495,0.4128,-0.8159,1.4683,2.0288,1.5899999999999999,0.4574,0.894,5.2315,1.1748,2.4482,1.2650000000000001,6.018,5.5269,4.466,2.8942,12.9387,1.129,4.682,1.2504,-0.0122
2020-01-20,1.4047,1.5988,6.3237,1.6715,5.228,-0.4869,0.4307,-0.8148,1.4679,2.0266,1.5975000000000001,0.4551,0.9073,5.2177,1.1965,2.3904,1.3125,6.018,5.5436,4.4764,2.8939,14.3931,1.1323,4.6528,1.2461,-0.0086
2020-01-21,1.3761,1.5608,6.3792,1.6848999999999998,5.1436,-0.4813,0.4329,-0.8212,1.4609,1.9694,1.5453000000000001,0.4332,0.9055,5.2494,1.1569,2.3381,1.3296999999999999,6.012,5.5508,4.4828,2.9114,13.4514,1.1313,4.6856,1.2418,-0.0122
2020-01-22,1.3879000000000001,1.4493,6.3227,1.6905000000000001,5.0485,-0.5006,0.4522,-0.8147,1.4423,1.9304999999999999,1.5425,0.4161,0.9092,5.1935,1.2032,2.3534,1.37,5.987,5.5553,4.5323,2.5423999999999998,13.1779,1.1322,4.7905999999999995,1.2245,-0.02
2020-01-23,1.3368,1.4452,6.304,1.708,5.1016,-0.504,0.4493,-0.8403,1.4392,1.8385,1.5507,0.4343,0.9443,5.2153,1.1797,2.3494,1.3175,5.9947,5.5336,4.4113,2.7148,13.2818,1.1320000000000001,4.6893,1.1854,-0.0117
2020-01-24,1.3426,1.4171,6.3156,1.7204000000000002,5.119,-0.5134,0.4503,-0.837,1.4228,1.8475000000000001,1.54,0.4281,0.9402,5.1916,1.1797,2.3494,1.2775,5.957,5.5386,4.4142,2.6901,12.8971,1.1320000000000001,4.5173,1.2428,-0.014
2020-01-27,1.2699,1.3322,6.3159,1.6958,4.9783,-0.5276,0.4846,-0.8484,1.3977,1.8372000000000002,1.52,0.3918,0.8993,5.0592,1.1797,2.3461,1.315,5.917,5.6366,4.4303,2.6903,13.3209,1.1320000000000001,5.0001,1.2222,-0.0327
2020-01-28,1.2811,1.3975,6.265,1.7111,5.0355,-0.537,0.4184,-0.8313,1.4073,1.8826,1.5375,0.3861,0.8779,5.0687,1.1224,2.2693,1.3643,5.913,5.6213,4.3612,2.6421,12.8798,1.1320000000000001,4.9931,1.2189,-0.0374
2020-01-29,1.2237,1.3646,6.211,1.712,5.074,-0.5461,0.4628,-0.8244,1.3968,1.8647,1.5226,0.352,0.8584,5.0649,1.0877,2.1248,1.2593,5.872,5.6135,4.3685,2.6282,12.5028,1.1320000000000001,4.7873,1.2482,-0.0382
2020-01-30,1.2454,1.391,6.2169,1.7398,5.0252,-0.5382,0.4921,-0.8387,1.3924,1.8679999999999999,1.505,0.3528,0.8467,5.0129,1.1013,2.0814,1.2325,5.8812999999999995,5.7036999999999995,4.3905,2.6126,12.4107,1.1128,4.841,1.2446,-0.0386
2020-01-31,1.0977999999999999,1.3536000000000001,6.2077,1.7602,5.0062,-0.5703,0.4198,-0.8497,1.3737,1.8363,1.465,0.3284,0.8443,5.1928,1.1017,2.1042,1.2125,5.8763,5.6879,4.3809000000000005,2.6394,12.3991,1.1203,4.6512,1.2032,-0.0399
2020-02-03,1.1525,1.3346,6.2074,1.7464,4.9809,-0.5616,0.447,-0.8374,1.3764,1.8517000000000001,1.4725,0.3126,0.7952,5.0678,1.0714,2.0934,1.3025,5.832,5.6556,4.3247,2.5839,13.0885,1.1169,4.649,1.2123,-0.0433
2020-02-04,1.2284,1.4152,6.2288,1.7224,4.9518,-0.552,0.5255,-0.8286,1.4083,1.8938000000000001,1.4774,0.4166,0.8598,5.0071,1.1098,2.1201,1.3425,5.852,5.6441,4.4088,2.5865,12.931000000000001,1.1282,4.4262,1.2343,-0.0087
2020-02-05,1.2669000000000001,1.4447,6.1777,1.7114,4.8258,-0.5551,0.5246,-0.8215,1.4437,1.8789,1.4699,0.4674,0.8678,4.9081,1.0862,2.1457,1.2639,5.862,5.6397,4.3809000000000005,2.6109999999999998,13.4595,1.1262,4.4408,1.0827,0.0045
2020-02-06,1.2798,1.4287,6.1751,1.7248,5.1194,-0.543,0.5113,-0.8032,1.4554,2.0919,1.4575,0.4747,0.8835,4.8033,1.088,2.1194,1.26,5.8743,5.6285,4.3018,2.6102,14.1922,1.1257,4.1655,0.9408,0.0147
2020-02-07,1.2348,1.4174,6.1179,1.7354,4.9865,-0.5535,0.5293,-0.82,1.408,1.9742,1.4375,0.3776,0.8632,4.6833,1.0449,2.2106,1.28,5.9041,5.0625,4.3578,2.5175,18.4296,1.1304,3.9495,0.9269,0.0059
2020-02-10,1.2104,1.3993,6.0849,1.7359,5.0539,-0.554,0.4766,-0.8406,1.428,1.9508,1.4125,0.4304,0.8206,4.715,1.0444,2.2059,1.2675,5.912,5.0955,4.3173,2.5075,19.1644,1.1193,3.9616,0.9459,-0.0061
2020-02-11,1.2392,1.3918,6.0981,1.7382,4.9171,-0.5676,0.5338,-0.8248,1.4381,1.9697,1.432,0.4413,0.8457,4.7479,1.0339,2.1064,1.2564,5.892,5.3294,4.3214,2.5135,19.6844,1.1222,3.8158,0.9467,-0.0095
2020-02-12,1.2730000000000001,1.463,6.2126,1.7458,4.884,-0.5448,0.5478,-0.8425,1.4514,1.9436,1.4372,0.4805,0.8783,4.7853,1.0303,2.1133,1.4184,5.882,5.2873,4.3239,2.4156,18.8396,1.1344,3.8034,0.9647,-0.0092
2020-02-13,1.2602,1.4577,5.7809,1.7461,4.9503,-0.5739,0.542,-0.8543,1.4338,1.9304999999999999,1.4975,0.4602,0.8812,4.7925,1.0203,2.13,1.5899999999999999,5.8547,5.2438,4.3909,2.4055,19.7607,1.1332,3.9299,0.9405,-0.0082
2020-02-14,1.233,1.444,6.088,1.7454,4.873,-0.5728,0.5495,-0.8527,1.4602,1.9823,1.4875,0.4589,0.8672,4.7829,1.0936,2.1086,1.575,5.8389,5.2161,4.4258,2.3834,20.6222,1.134,4.0526,0.9563,-0.0069
2020-02-17,1.2157,1.4421,6.1206,1.7490999999999999,4.7433,-0.5606,0.5543,-0.8622,1.4594,2.0124,1.4975,0.4726,0.8447,4.8425,1.0762,2.1318,1.565,5.832,5.2532,4.3804,2.3826,18.3385,1.1333,4.0826,0.9484,-0.0085
2020-02-18,1.2051,1.4093,6.1013,1.7292,4.8337,-0.5634,0.5293,-0.8814,1.4524,1.9739,1.4849,0.4561,0.8257,4.8956,1.0388,2.097,1.3666,5.822,5.259,4.4703,2.367,19.1285,1.1161,4.0862,0.9061,-0.0007
2020-02-19,1.2355,1.4278,6.0486,1.7086000000000001,4.7853,-0.5747,0.5071,-0.8784,1.441,1.9537,1.4824,0.4541,0.8088,4.8956,1.0365,2.1559,1.3052000000000001,5.7620000000000005,5.2759,4.4519,2.4025,18.3123,1.1125,3.7118,0.9313,-0.0343
2020-02-20,1.152,1.3977,6.1063,1.7208,4.7857,-0.5659,0.5888,-0.8842,1.4359,1.9699,1.4875,0.3898,0.7605,4.7815,1.0108,2.2213,1.4,5.7725,5.2627,4.4406,2.3926,22.2309,1.1012,3.6715999999999998,0.9125,-0.0397
2020-02-21,1.1159,1.3507,6.0906,1.71,4.8282,-0.5737,0.5232,-0.8893,1.4214,1.9765000000000001,1.465,0.3747,0.7354,4.7815,0.9515,2.2991,1.365,5.72,5.2851,4.3996,2.3464,16.3627,1.0631,3.6402,0.8868,-0.0374
2020-02-24,1.0197,1.2407,6.0361,1.6576,4.8304,-0.588,0.4345,-0.9174,1.3801,1.8845,1.4,0.3419,0.6901,4.7614,0.9151,2.3449,1.295,5.698,5.4259,4.3321,2.3834,22.8081,1.0571,3.45,0.848,-0.0677
2020-02-25,1.0115,1.2211,6.0144,1.6738,4.8304,-0.618,0.3485,-0.9347,1.3705,1.8632,1.3254000000000001,0.3406,0.6754,4.7633,0.942,2.293,1.2824,5.688,5.3576,4.2997,2.3055,17.4207,1.0738,3.45,0.9054,-0.057
2020-02-26,0.9135,1.1922,6.0437,1.6821000000000002,4.9845,-0.6003,0.3368,-0.907,1.3608,1.822,1.276,0.3399,0.6853,4.7688,0.9037,2.3787,1.3443,5.608,5.3712,4.2517,2.2365,19.0772,1.0859,3.4269,0.8909,-0.0549
2020-02-27,0.8623,1.1521,6.0753,1.7542,4.878,-0.6463,0.4699,-0.9157,1.2328000000000001,1.6966999999999999,1.1675,0.2669,0.5897,4.9003,0.9774,2.3935,1.2825,5.7411,5.5807,4.2984,2.2526,19.8712,1.0771,3.2228,0.8233,-0.0847
2020-02-28,0.6926,1.0342,6.032,1.7405,5.1181,-0.8355,0.3677,-0.9422,1.1527,1.5282,1.0175,0.1348,0.3653,4.7292,0.835,2.6691000000000003,1.205,5.8702,5.8223,4.3674,2.2213,21.3638,1.0771,3.4671,0.703,-0.1068
2020-03-02,0.722,1.1644,5.7268,1.5932,4.4409,-0.62,0.3415,-0.9291,1.0625,1.3096,0.775,0.2258,0.4363,4.6788,0.8619,2.4207,1.095,5.832,5.6643,4.2146,2.2209,19.8399,1.0448,3.0903,0.7391,-0.142
2020-03-03,-0.0005,0.8981,5.4666,1.4949,4.2999,-0.8344,0.2739,-0.9442,1.1454,1.2919,0.8425,-0.0782,0.2856,4.5545,0.8277,2.3516,1.07,5.632,5.2891,3.6266,1.9679,14.9838,1.0606,3.5071,0.7129,-0.0892
2020-03-04,-0.1467,0.3253,5.3667,1.3532,4.3782,-0.5578,0.3549,-0.9368,1.008,1.2525,0.9199,0.2112,0.3754,4.5092,0.7152,2.2388,0.9748,5.562,5.2017,3.9006,2.2098,9.8329,0.983,3.3548999999999998,0.5562,-0.1136
2020-03-05,0.3502,0.1219,5.5857,1.3758,4.5588,-0.7145,0.2808,-0.9442,1.0064,1.25,0.9275,0.1947,0.3698,4.5161999999999995,0.7558,2.2639,1.025,5.578,5.4146,4.0424,2.1334,10.5971,0.9816,3.0721,0.5143,-0.1258
2020-03-06,0.3145,0.5775,5.6434,1.3464,4.6641,-0.6127,0.2171,-0.9353,0.9381,1.1689,0.865,0.2083,0.3646,4.3148,0.7882,2.2994,0.985,5.718,5.4617,4.1189,2.1156,13.9659,0.9525,3.7337,0.7108,-0.1447
2020-03-09,0.1702,0.392,5.9033,1.2322,4.3871,-0.7212,0.1138,-0.913,0.781,0.8804,0.66,0.1859,0.3417,4.2436,0.6892,2.4659,0.885,5.755,6.8735,4.3911999999999995,2.1223,12.1137,0.8955,3.5204,0.7312,-0.1977
2020-03-10,0.4053,0.4375,5.9531,1.2278,4.7324,-0.6478,0.2916,-0.8858,0.8184,0.8487,0.7225,0.2364,0.4246,4.2436,0.7647,2.6398,0.935,5.683,6.3228,4.3675,2.137,10.427,0.964,3.2383,0.7503,-0.1381
2020-03-11,0.1793,0.3257,6.4201,1.2562,9.7231,-0.7146,-0.2911,-0.8732,0.7316,0.8952,0.7547,0.2083,0.2884,4.331,0.7757,2.9234999999999998,0.7597,5.673,6.6393,4.8143,2.1033,10.6123,0.9419,3.5517,0.9661,-0.1628
2020-03-12,0.1689,0.3949,7.1515,1.6076000000000001,4.3304,-0.6759,-0.1926,-0.8577,0.3463,1.0451,0.83,0.194,0.2727,4.3199,0.7613,3.9039,1.0425,5.872,7.4138,5.0379,2.1886,14.1276,0.9265,4.1434,0.8735,-0.1864
2020-03-13,0.1794,-0.2532,6.9295,1.5803,6.2334,-0.6305,0.2161,-0.8366,-0.3201,1.0851,0.865,0.2278,0.3239,4.405,0.7525,2.7375,0.98,6.0164,6.8634,5.594,2.2138,13.6597,0.9838,3.6526,1.3646,-0.144
2020-03-16,-0.8543,-0.2445,6.9211,0.3441,6.2173,-0.6509,0.1514,-0.8929,0.2399,0.0133,0.5751,0.1792,0.1995,4.2997,0.1875,3.2349,0.88,5.917,6.941,5.1414,2.0418,14.3593,0.9062,3.5769,0.9501,-0.163
2020-03-17,0.1255,-0.2435,6.4886,0.9751,5.6396,-0.6592,0.2514,-0.8969,0.2553,0.3867,0.045,0.205,0.2442,4.3835,0.5626,2.9981999999999998,0.6775,5.6555,6.7476,4.8976,2.0535,8.7989,1.0185,3.5798,1.1827,-0.1309
2020-03-18,0.1009,0.3108,6.7554,1.0118,5.8619,-0.6441,0.3921,-0.8343,0.3192,0.3265,0.2001,0.188,0.2311,4.4045,0.6397,2.8285,0.8321,5.737,7.4887,4.2188,2.0387,12.8434,0.9917,2.0586,1.4398,-0.1171
2020-03-19,0.0584,0.4398,6.4027,1.0521,5.8802,-0.5367,-0.0493,-0.7217,0.279,0.3446,0.46,-0.0604,0.2054,4.4192,0.8442,2.8102,0.835,4.375,6.9584,4.4097,2.0866,13.2493,0.7032,1.0598,1.396,-0.1263
2020-03-20,0.0334,0.2545,5.0947,0.9129,6.3298,-0.658,-0.0094,-0.7488,-0.6995,0.3204,0.355,-0.0289,0.2053,4.3748000000000005,0.7624,1.9475,0.7675,5.2056000000000004,6.2404,5.1499,2.045,11.4783,0.5047,3.1067,1.0158,-0.1155
2020-03-23,0.0831,0.0478,5.6154,0.9403,6.15,-0.6196,0.2147,-0.7557,-0.4803,0.2236,0.155,0.1782,0.2017,4.1803,0.7863,3.0091,0.7175,5.045,6.3549,3.7728,1.92,14.5977,0.4402,2.8645,0.8781,-0.1484
2020-03-24,0.1021,0.2582,5.7158999999999995,0.7905,5.8271,-0.5855,0.1869,-0.7528,-0.2392,0.3266,0.13,0.179,0.207,3.9842,0.6818,2.8456,0.74,4.732,6.0379,3.1494,1.9802,11.9757,0.4612,2.7114000000000003,0.834,-0.1476
2020-03-25,0.1113,0.2211,5.6049,0.6486,4.5644,-0.5255,0.1692,-0.7445,-0.1761,0.4458,0.2303,0.1506,0.2083,3.9842,0.6359,2.6066000000000003,0.755,4.74,6.0026,3.4085,2.0018,12.3946,0.4715,2.3992,0.8178,-0.119
2020-03-26,0.1075,0.1636,5.4897,0.6361,4.8779,-0.5513,0.1506,-0.7844,-0.1722,-0.3432,0.235,0.1254,0.2071,3.8359,0.5881,2.5162,0.75,4.757,5.9681999999999995,3.5606,2.0041,11.6664,0.4568,2.3081,-0.6639,-0.1298
2020-03-27,0.0988,-0.2985,5.3953,0.593,4.6208,-0.5869,0.158,-0.7858,-0.2393,0.2855,0.31,0.1499,0.2076,3.2164,0.5456,2.4124,0.8025,4.8370999999999995,6.0338,3.4868,1.9529999999999998,11.3185,0.3998,2.4968,0.6958,-0.1509
2020-03-30,0.1097,0.4415,5.4549,0.6138,4.5617,-0.573,0.0994,-0.8054,-0.2524,0.439,0.3,0.1645,0.2057,3.6501,0.5836,2.3829000000000002,0.8525,4.865,6.2824,3.4394,1.9055,13.8731,0.3883,2.8063000000000002,0.6538,-0.1879
2020-03-31,0.1137,0.3515,5.3849,0.1144,4.1685,-0.5552,0.124,-0.8028,-0.288,0.4566,0.3,0.1535,0.207,3.625,0.5636,2.3844,0.9729,4.772,5.9372,3.5831,1.8805,14.6483,0.3988,2.8304,0.6308,-0.1958
2020-04-01,0.1172,0.2725,5.3162,0.1231,4.2347,-0.5894,0.1464,-0.8418,-0.2888,0.5131,0.2851,0.1774,0.2085,3.625,0.6126,2.5899,1.3674,4.832,5.9828,3.7376,1.888,16.9613,0.3665,3.0761,0.5881,-0.2104
2020-04-02,0.1415,0.3249,5.1683,0.2941,3.8769,-0.5825,0.1716,-0.8583,-0.3007,0.4821,0.2925,0.1937,0.1943,3.625,0.5892,2.8728,1.165,5.1406,5.9271,5.7261,1.8637000000000001,10.1095,0.3665,2.6803,0.5931,-0.2611
2020-04-03,0.1591,0.3255,5.2574,0.3803,4.2918,-0.5586,0.1394,-0.8603,-0.2476,0.4485,0.2,0.252,0.1916,3.9785,0.6059,3.0818,1.23,5.424,5.4439,3.8076,1.8363,11.9436,0.3665,2.451,0.4567,-0.2628
2020-04-06,0.1672,0.3172,5.2521,0.4963,4.3454,-0.5907,0.1746,-0.8439,-0.204,0.4785,0.2075,0.2722,0.2132,3.9785,0.5313,3.0946,1.2349999999999999,5.242,5.4828,3.9266,1.8342,16.6603,0.3822,2.4411,0.4086,-0.2613
2020-04-07,0.1873,0.461,5.1216,0.4905,4.3434,-0.4719,0.1662,-0.8238,-0.1664,0.4821,0.225,0.2411,0.2125,3.9600999999999997,0.5232,2.9167,1.43,5.052,5.5299,3.7283,1.8991,11.399000000000001,0.4185,2.5775,0.3754,-0.2375
2020-04-08,0.1734,0.341,5.0949,0.4413,4.0626,-0.6011,0.2221,-0.8333,-0.1618,0.5095,-0.25,0.2525,0.2067,4.0171,0.5088,3.1362,1.24,5.06,5.603,3.6746,1.8368,9.9581,0.4259,2.44,0.3668,-0.2014
2020-04-09,0.1848,0.3391,5.0949,0.4382,3.7312,-0.4688,0.1914,-0.8791,-0.164,0.5158,0.195,0.2514,0.2055,3.7625,0.4974,2.8406000000000002,1.1175,4.995,5.4918,3.6954000000000002,1.8389,9.9411,0.3992,2.44,0.344,-0.1934
2020-04-10,0.1879,0.3384,5.0949,0.9382,3.8148999999999997,-0.4688,0.1932,-0.8791,-0.164,0.5158,0.2106,0.2144,0.2054,3.758,0.475,2.8564,1.1175,4.995,5.4748,3.6954000000000002,1.8377,11.3617,0.3507,2.44,0.2175,-0.1933
2020-04-13,0.1652,0.3102,5.1204,0.9433,3.8899,-0.4851,0.1932,-0.8791,-0.164,0.515,0.205,0.2274,0.171,3.9625,0.5012,2.8689999999999998,1.1175,4.995,5.475,3.9175,1.8521,7.5114,0.3488,2.7624,0.0655,-0.1934
2020-04-14,0.1717,0.322,4.8626000000000005,0.9034,3.6144,-0.6147,0.1065,-0.8893,-0.1053,0.4879,0.165,0.215,0.205,3.9685,0.5021,3.0521,0.935,4.37,5.2635,3.4914,1.8537,14.8309,0.3443,2.5812,0.1815,-0.2069
2020-04-15,0.156,0.3139,4.8112,0.8252,3.6481,-0.6073,0.1432,-0.9123,-0.1051,0.4795,0.105,0.1743,0.1846,3.9466,0.5021,2.5343,0.8675,4.567,5.1908,3.176,1.8340999999999998,19.165,0.3421,2.4202,0.1187,-0.2179
2020-04-16,0.1497,0.2507,4.7663,0.7801,3.5934,-0.6158,0.1595,-0.9205,-0.0707,0.4512,0.09,0.236,0.1571,3.5584,0.4875,2.4621,0.86,4.44,5.0694,3.2248,1.8274,17.4049,0.2982,2.0661,0.1834,-0.2201
2020-04-17,0.1536,0.2248,4.8118,0.7682,3.6852,-0.615,0.2044,-0.9739,-0.0508,0.3936,0.1125,0.2884,0.1607,3.0898,0.5164,2.4621,0.8525,4.405,4.661,3.0359,1.8028,13.6282,0.3146,2.1419,0.192,-0.2241
2020-04-20,0.1525,0.2646,4.8607,0.7754,3.2677,-0.5556,0.1558,-0.982,-0.0051,0.3855,0.1075,0.2354,0.1543,3.5977,0.5073,2.4621,0.8625,4.33,4.5978,3.1061,1.7641,15.0364,0.3195,2.5471,0.2571,-0.2073
2020-04-21,0.1458,0.2456,3.9026,0.7816,3.2811,-0.5126,0.1817,-0.9599,0.0332,0.3551,0.0775,0.2226,0.1759,3.5343,0.5128,2.4682,0.87,4.11,4.8472,2.9302,1.8404,19.9525,0.2669,2.9939,0.2694,-0.2016
2020-04-22,0.1504,0.3125,4.3690999999999995,0.7629,3.2029,-0.5194,0.1094,-0.9421,0.1135,0.4131,0.0825,0.2538,0.1704,3.5677,0.5205,2.5623,0.8925,4.128,4.6056,3.0362,1.8159999999999998,16.9529,0.2659,3.3495,0.3048,-0.186
2020-04-23,0.1455,0.2917,4.3889,0.7744,3.6572,-0.4866,0.1238,-0.9602,0.1269,0.4328,0.11,0.2713,0.1396,3.4644,0.517,2.4443,0.94,4.178,4.5176,2.8376,1.8229,13.3166,0.2583,3.1583,0.3535,-0.2048
2020-04-24,0.1545,0.3157,4.6114,0.7934,4.4556000000000004,-0.6323,0.096,-0.9812,0.1223,0.4375,0.105,0.2469,0.1476,3.6066000000000003,0.4784,2.4795,0.9175,4.198,3.4398,2.7832,1.8049,12.7657,0.2495,2.8541,0.4375,-0.2066
2020-04-27,0.1513,0.3163,4.5217,0.7698,4.9037,-0.59,0.12,-0.966,0.1389,0.4544,0.06,0.2508,-0.021,3.545,0.4862,2.4798,0.9,4.198,3.8592,2.9286,1.8319999999999999,13.4219,0.2586,2.6326,0.4616,-0.2115
2020-04-28,0.159,0.2811,4.4488,0.7813,3.8862,-0.5617,0.1811,-0.9693,0.156,0.4192,0.0225,0.2567,0.0265,3.6656,0.5042,2.4898,0.89,4.128,4.3033,2.9419,1.8234,12.9573,0.3169,2.509,0.4191,-0.2021
2020-04-29,0.1478,0.2774,4.3456,0.6929,3.9962999999999997,-0.5667,0.1264,-0.9499,0.1652,0.3838,0.01,0.2694,0.038,3.6433999999999997,0.4904,2.1546,0.88,3.9779999999999998,4.3131,2.8533,1.8622999999999998,9.6279,0.3366,3.0752,0.5166,-0.186
2020-04-30,0.1342,0.2666,4.4026,0.677,3.8952,-0.5704,0.1134,-0.9428,0.1677,0.3759,0.0125,0.2196,0.022,0.5048,0.4904,2.1593,0.88,3.925,4.3649000000000004,2.5712,1.7785,9.0249,0.3703,2.691,0.4757,-0.1843
2020-05-01,0.1262,0.2531,4.4026,0.677,3.8131,-0.5707,0.088,-0.9313,0.1677,0.3765,0.0125,0.2374,0.0198,0.5048,0.4904,2.1593,0.88,3.925,4.3834,2.2889,1.7782,11.4052,0.3703,2.691,0.5491,-0.1785
2020-05-04,0.117,0.2474,4.3764,0.7242,4.0294,-0.6296,0.1152,-0.9373,0.1707,0.3676,0.0625,0.2585,0.0422,3.4453,0.4482,2.1248,0.8725,3.92,4.3833,2.7712,1.7728000000000002,18.0597,0.3721,3.1281,0.6664,-0.1645
2020-05-05,0.115,0.2568,4.3519,0.6995,3.6827,-0.547,0.1021,-0.9496,0.1717,0.3566,0.08,0.2391,0.0335,3.6659,0.4482,1.9529999999999998,0.88,3.88,4.3742,2.7491,1.1542,12.5162,0.3821,3.0686,0.5828,-0.1624
2020-05-06,0.0944,0.2763,4.2753,0.7449,3.2649,-0.6219,0.0883,-0.9567,0.1814,0.39,0.1476,0.2254,0.0581,3.6581,0.4392,1.9914,0.8647,3.9779999999999998,4.4177,2.6294,1.8425,17.2542,0.3841,2.7131,0.5721,-0.1369
2020-05-07,0.0511,0.2093,4.1209,0.7025,3.6314,-0.5897,0.0612,-0.9457,-0.1803,-0.213,0.18,0.2385,0.035,3.659,0.4107,2.1678,0.845,3.8529999999999998,4.3256,2.5267,1.8415,12.2895,0.3884,3.0069,0.5637,-0.1286
2020-05-08,0.0688,0.2134,4.0202,0.6615,3.5949999999999998,-0.6061,0.0671,-0.9553,-0.1044,-0.2123,0.172,0.1599,-0.009,3.5868,0.3768,2.1919,0.825,3.768,4.1926,2.4757,1.8564,10.6642,0.3734,2.9675000000000002,0.4481,-0.1181
2020-05-11,0.0684,0.2098,4.1301,0.6274,3.5011,-0.5871,0.1244,-0.9526,-0.0699,0.3011,0.17,0.2413,0.034,3.5838,0.4394,2.2003,0.7225,3.7720000000000002,4.1986,2.6026,1.8565,14.5548,0.3842,2.7118,0.4759,-0.1127
2020-05-12,0.0532,0.1856,4.082,0.6275,3.5318,-0.6033,0.0718,-0.9406,-0.0727,0.1322,0.14,0.2677,0.0207,3.4029,0.411,2.1894,0.635,3.637,4.0741,2.6854,1.8535,11.5058,0.378,2.8218,0.6788,-0.1067
2020-05-13,0.0644,0.2008,4.1963,0.5835,4.3076,-0.5888,0.0321,-0.9463,-0.0869,0.0915,0.1326,0.2113,-0.072,3.7664999999999997,0.3828,2.2336,0.6648,3.622,4.1726,2.6364,1.8343,12.2095,0.371,3.1621,0.7197,-0.1359
2020-05-14,0.0636,0.2168,3.6196,0.5611,3.9706,-0.5641,-0.0397,-0.9339,-0.0943,0.0522,0.105,0.1905,-0.063,3.4709,0.4055,2.1012,0.69,3.707,3.8311,2.5618,1.838,11.5203,0.3567,3.325,0.5925,-0.153
2020-05-15,0.0649,0.2068,4.1591,0.5614,3.9988,-0.5775,0.0324,-0.9318,-0.1005,0.0863,0.09,0.2289,-0.0331,3.374,0.4312,2.0188,0.6775,3.7392,3.7593,2.5388,1.8001,10.397,0.3434,3.1268,0.5429,-0.1583
2020-05-18,0.0834,0.2283,4.1395,0.5707,3.8853,-0.602,0.03,-0.9102,-0.0645,0.1152,0.115,0.2403,-0.0374,3.3711,0.4675,1.9834,0.6525,3.6550000000000002,3.582,2.5298,1.8006,13.2262,0.3338,3.2297,0.5905,-0.1526
2020-05-19,0.0825,0.1924,4.1734,0.565,3.892,-0.5509,0.0386,-0.8994,-0.0373,0.1633,0.17,0.2561,-0.0238,3.1906,0.4965,1.9854,0.625,3.665,3.6219,2.4103,1.7669000000000001,15.7742,0.3482,3.2911,0.5931,-0.1337
2020-05-20,0.0882,0.1608,4.1599,0.51,4.02,-0.5703,0.0272,-0.9018,-0.0536,0.1694,0.1851,0.2245,-0.0182,3.5381,0.4876,2.0034,0.6348,3.743,3.8185000000000002,2.3626,1.7692,10.0267,0.345,3.5331,0.3285,-0.1294
2020-05-21,0.0758,0.2044,4.2062,0.51,3.9379,-0.5834,-0.0175,-0.9074,-0.0616,0.1767,0.2075,0.2407,0.0306,3.6539,0.4834,2.0061,0.63,3.433,4.0514,2.3775,1.7647,11.8786,0.3099,3.6372999999999998,0.3245,-0.1288
2020-05-22,0.0717,0.2348,4.26,0.4787,3.9082,-0.5744,-0.0164,-0.916,-0.0717,0.1912,0.205,0.2635,-0.0015,3.2803,0.4513,1.9896,0.64,3.8382,4.2329,2.4151,1.7532999999999999,14.3194,0.2717,3.68,0.3744,-0.1281
2020-05-25,0.0743,0.205,4.3053,0.532,3.6078,-0.577,-0.0136,-0.9067,-0.0669,0.1917,0.1931,0.2417,0.05,3.2799,0.4591,1.9786000000000001,0.65,3.832,4.1649,2.4021,1.7549000000000001,11.6128,0.3023,3.6455,0.4105,-0.1302
2020-05-26,0.091,0.2232,4.2028,0.6437,3.8963,-0.5384,0.0434,-0.882,-0.0484,0.2135,0.175,0.273,0.0484,3.5846,0.4893,1.9522,0.7275,3.838,4.2439,2.4332,1.7549000000000001,12.4118,0.352,3.4407,0.4401,-0.1198
2020-05-27,0.0798,0.2175,4.3088,0.6253,3.9837,-0.5611,0.0164,-0.8616,-0.0042,0.202,0.1601,0.2603,0.0325,3.6638,0.498,1.9273,0.8046,3.838,4.3071,2.3529,1.749,11.8103,0.3448,3.3313,0.4389,-0.0977
2020-05-28,0.0804,0.2117,4.291,0.5983,4.0333,-0.5771,0.0042,-0.861,-0.003,0.1649,-0.405,0.2931,0.0226,3.5674,0.4782,1.9478,0.735,3.835,4.2722,2.3883,1.7658,12.9804,0.3427,3.3252,0.4361,-0.1063
2020-05-29,0.0716,0.207,4.3301,0.5903,3.7951,-0.5611,0.0101,-0.8583,0.002,0.1406,0.0375,0.2775,0.0299,3.6339,0.4112,1.7461,0.69,3.8133,4.324,2.0312,1.7602,13.1264,0.3302,3.6093,0.4224,-0.1111
2020-06-01,0.0617,0.224,4.3898,0.5784,4.067,-0.5748,-0.0118,-0.8434,0.0024,0.1649,0.0576,0.2823,0.035,3.6375,0.4044,1.7461,0.69,3.758,4.2981,2.3631,1.7511,13.482099999999999,0.352,3.7128,0.4827,-0.1024
2020-06-02,0.0636,0.2139,4.3081,0.6071,3.8946,-0.559,-0.0018,-0.848,-0.0017,0.172,0.08,0.2634,0.0188,3.6086,0.4025,1.9186999999999999,0.645,3.6870000000000003,4.2906,2.3504,1.7598,10.8431,0.3619,3.5121,0.506,-0.103
2020-06-03,0.0704,0.2632,4.227,0.6635,3.6974,-0.5462,0.0196,-0.8316,0.0323,0.1962,0.2151,0.2958,0.0256,3.7419000000000002,0.4523,1.9532,0.6497,3.5869999999999997,4.2549,2.442,1.7793,14.4085,0.3705,3.6023,0.5273,-0.072
2020-06-04,0.0823,0.276,4.261,0.6765,3.8876,-0.5201,0.0558,-0.816,0.0373,0.2265,0.085,0.2804,0.0337,3.62,0.5159,1.9224,0.655,3.567,4.3415,2.4629,1.9101,15.0073,0.4009,3.4512,0.5672,-0.0558
2020-06-05,0.0935,0.3308,4.4298,0.6353,4.2214,-0.5432,0.0532,-0.7968,0.0867,0.2891,0.135,0.2761,0.0405,3.6401,0.5121,1.9268,0.695,3.753,4.3508,2.5961,1.9323000000000001,15.5213,0.427,3.4421,0.5274,-0.0548
2020-06-08,0.0877,0.2943,4.396,0.6291,4.2544,-0.5584,0.1062,-0.809,0.0924,0.298,0.115,0.2794,0.0426,3.7351,0.5144,1.9268,0.725,3.7880000000000003,4.4617,2.4486,1.9323000000000001,12.1317,0.4385,3.6822,0.5625,-0.0604
2020-06-09,0.0776,0.2408,4.3246,0.5984,3.5068,-0.536,0.0752,-0.7974,0.0935,0.295,0.0902,0.2589,0.0537,3.6563,0.4984,1.827,0.71,3.848,4.4428,2.5058,1.9202,13.3216,0.428,4.2752,0.5315,-0.0593
2020-06-10,0.0648,0.2499,4.2344,0.6056,4.1216,-0.5914,0.0325,-0.7837,0.1144,0.303,0.09,0.2534,0.055,3.6657,0.5024,1.7624,0.6998,3.833,4.4541,2.5403000000000002,1.9538,13.2994,0.4262,3.3319,0.5271,-0.041
2020-06-11,0.0315,0.2513,4.165,0.5809,3.519,-0.5551,0.0268,-0.8094,0.0599,0.263,0.09,0.2622,0.0526,3.6578,0.4967,1.7490999999999999,0.6525,3.798,4.4749,2.5273,1.8859,13.8098,0.3949,3.4542,0.509,-0.05
2020-06-12,0.0565,0.245,4.175,0.6042,4.1444,-0.5816,0.011,-0.8202,0.0501,0.275,0.09,0.2923,0.0563,3.6343,0.4949,1.7662,0.6675,3.7340999999999998,4.3891,2.3962,1.8795,15.1762,0.3883,3.3958,0.5913,-0.043
2020-06-15,0.05,0.2382,4.2302,0.5961,3.1102,-0.5646,0.0123,-0.81,0.0252,0.29,0.0675,0.2608,0.0523,3.6099,0.5079,1.7877,0.6575,3.758,4.4734,2.4193,1.8538999999999999,12.5606,0.3871,3.4465,0.6076,-0.0493
2020-06-16,0.0477,0.2265,4.2377,0.5921,3.91,-0.5822,0.0371,-0.79,0.0154,0.313,0.075,0.2812,0.048,3.5874,0.4956,1.6846999999999999,0.6825,3.758,4.4429,2.4793,1.8938000000000001,12.3486,0.384,3.2474,0.6192,-0.0549
2020-06-17,0.0441,0.2486,4.2489,0.4945,3.5244,-0.58,0.0333,-0.7876,0.0059,0.2981,0.1001,0.2605,0.044,3.6896,0.5204,1.8598,0.6873,3.708,4.6193,2.2827,1.8902,12.4544,0.3826,3.1516,0.5844,-0.0629
2020-06-18,0.049,0.2253,4.2598,0.4298,3.9703,-0.577,0.0336,-0.7872,0.0122,0.278,0.09,0.2531,0.0251,3.5516,0.5057,1.887,0.6875,3.638,4.7047,2.2765,1.8073000000000001,13.417300000000001,0.3641,3.0659,0.5814,-0.061
2020-06-19,0.0473,0.2466,4.2155,0.4425,3.8949,-0.5978,0.0044,-0.7993,0.0173,0.268,0.0825,0.2664,0.0316,3.5168,0.516,1.9544000000000001,0.67,3.5963000000000003,3.9602,2.2862,1.8211,12.5389,0.5181,3.0146,0.8618,-0.0603
2020-06-22,0.0473,0.227,4.182,0.5244,4.0795,-0.5922,0.0019,-0.8005,0.0073,0.245,0.055,0.2579,0.0284,3.6776,0.5107,1.938,0.6425,3.593,4.1851,2.3209,1.8585,14.2695,0.5205,2.9116,0.5684,-0.0716
2020-06-23,0.0549,0.2223,4.1524,0.5223,3.8529999999999998,-0.5581,0.0201,-0.7799,0.0129,0.218,0.0525,0.2645,0.0276,3.6966,0.4992,1.7774,0.4,3.573,3.9055,2.2282,1.788,12.3828,0.5102,3.0467,0.6145,-0.0583
2020-06-24,0.058,0.2402,4.2173,0.5345,3.887,-0.5456,0.0163,-0.7806,0.0088,0.2348,0.065,0.2631,0.0101,3.6807,0.5043,1.7798,0.4745,3.533,3.8711,2.2502,1.795,13.9848,0.512,3.0844,0.5699,-0.0573
2020-06-25,0.0483,0.2229,3.4717000000000002,0.5146,3.8009,-0.5984,0.0042,-0.7897,-0.0128,0.195,0.07,0.2627,-0.0193,3.7167,0.4876,1.7077,0.4675,3.483,3.9331,2.3153,1.7828,13.0313,0.512,2.5188,0.6501,-0.0639
2020-06-26,0.0417,0.2162,3.9776,0.5171,3.6527,-0.6039,0.021,-0.7877,0.0011,0.2,0.08,0.2586,0.0075,3.6097,0.4789,1.7076,0.4875,3.5141999999999998,3.9422,2.2193,1.7939,13.2355,0.512,2.4215,0.9565,-0.0662
2020-06-29,0.0317,0.2091,3.8827,0.5171,3.5704000000000002,-0.5798,0.0048,-0.7993,-0.0019,0.19,0.0975,0.2496,0.0009,3.747,0.4971,1.7041,0.5025,3.503,3.9931,2.2288,1.7711999999999999,13.4036,0.5117,2.4851,0.645,-0.0602
2020-06-30,0.0415,0.2043,3.884,0.5342,3.5774,-0.5807,0.0049,-0.792,-0.0125,0.16,0.055,0.2657,-0.0003,3.6141,0.4987,1.6343,0.5275,3.472,3.9867,2.1102,1.7403,12.9215,0.5318,2.4056,0.6643,-0.0728
2020-07-01,0.0424,0.2043,3.9141,0.5397,3.6281,-0.5682,0.0216,-0.7813,0.0041,0.1781,0.0777,0.2482,0.006,3.559,0.5234,1.6469,0.5672,3.43,3.9867,2.2668,1.7429000000000001,13.0267,0.5617,2.3755,0.6509,-0.0775
2020-07-02,0.0385,0.2235,3.9469,0.5387,3.4399,-0.5807,0.0074,-0.7871,0.0038,0.168,0.055,0.2539,0.0033,3.5163,0.5141,1.6294,0.5625,3.477,4.0472,2.2597,1.7005,13.0343,0.5731,2.2416,0.6541,-0.076
2020-07-03,0.0316,0.2463,4.0056,0.5253,3.7481999999999998,-0.5839,-0.0004,-0.7873,0.0092,0.188,0.045,0.2427,0.003,3.6192,0.5073,1.6858,0.5725,3.4683,4.1754,2.1119,1.7284000000000002,15.6988,0.573,2.3596,0.7523,-0.0593
2020-07-06,0.0319,0.2624,3.9431000000000003,0.5465,3.6839,-0.5768,0.0183,-0.7837,0.0174,0.188,0.055,0.271,0.0034,3.7243,0.5411,1.6482999999999999,0.5825,3.527,4.102,2.1777,1.7042000000000002,13.5163,0.5733,2.5207,0.6665,-0.0595
2020-07-07,0.0296,0.238,3.9696,0.5306,3.7536,-0.5726,-0.0291,-0.787,0.0326,0.19,0.05,0.2506,-0.0035,3.6187,0.5228,1.6865999999999999,0.605,3.585,4.0453,2.2904999999999998,1.41,14.4478,0.5737,2.3259,0.6169,-0.0505
2020-07-08,0.0209,0.2267,3.9788,0.4401,3.9606,-0.5566,-0.0399,-0.7815,0.0321,0.195,0.0451,0.2724,-0.002,3.6641,0.5031,1.6877,0.6173,3.6550000000000002,4.0808,2.2341,1.8608,14.025,0.5667,2.3093,0.6305,-0.0466
2020-07-09,0.0199,0.221,3.9785,0.503,4.0691,-0.5722,-0.0013,-0.7922,0.0251,0.185,0.05,0.2506,-0.0067,3.723,0.5116,1.6878,0.6625,3.705,4.0603,2.2444,1.5743,14.4065,0.5753,2.4958,0.6273,-0.0509
2020-07-10,0.0237,0.2006,3.9022,0.5231,3.8261,-0.5729,-0.0057,-0.8097,0.022,0.233,0.05,0.2652,-0.0057,3.592,0.5101,1.65,0.655,3.6563,4.0586,2.3253,1.5590000000000002,15.1237,0.5685,2.3813,0.6028,-0.0548
2020-07-13,0.0257,0.2013,3.9273,0.5529,3.8467000000000002,-0.5524,0.0155,-0.7879,0.0246,0.27,0.065,0.2836,-0.0065,3.6561,0.5312,1.6533,0.6625,3.585,4.0607,2.3022,1.5765,14.7474,0.5677,2.1838,0.634,-0.046
2020-07-14,0.0233,0.2256,3.9491,0.5564,3.715,-0.5769,0.0011,-0.7968,0.0133,0.248,0.07,0.2955,-0.0059,3.6611000000000002,0.5348,1.6572,0.6725,3.63,4.059,2.2287,1.5569,17.5609,0.5821,2.26,0.6287,-0.0462
2020-07-15,0.0345,0.2412,3.9434,0.5353,3.9326,-0.5493,-0.0408,-0.7978,0.0136,0.2932,0.0701,0.2785,-0.0093,3.699,0.5382,1.6529,0.6824,3.575,4.0616,2.2171,1.5377,15.5466,0.5843,2.2843,0.6412,-0.0527
2020-07-16,0.0146,0.1952,3.9427,0.5476,3.9051,-0.5727,-0.0442,-0.7989,0.0262,0.3,0.065,0.2585,-0.0212,3.661,0.5233,1.6922000000000001,0.6825,3.54,4.0897,2.2025,1.5688,17.0433,0.5748,2.3581,0.6094,-0.0491
2020-07-17,0.0184,0.2289,3.9723,0.5708,3.8118,-0.5842,-0.0143,-0.8031,0.0345,0.27,0.0575,0.2669,-0.0237,3.638,0.5197,1.6031,0.6325,3.5192,4.1474,2.185,1.5463,18.9712,0.5749,2.1509,0.6275,-0.048
2020-07-20,0.0294,0.2119,3.9625,0.5361,3.7276,-0.5646,-0.0267,-0.8123,0.039,0.263,0.05,0.2529,-0.0139,3.8627000000000002,0.5096,1.6071,0.6075,3.605,4.1585,2.2082,1.5617999999999999,17.7189,0.5642,2.323,0.6008,-0.0473
2020-07-21,0.0174,0.2409,3.9205,0.4886,3.7422,-0.5612,-0.0293,-0.8126,0.0355,0.263,0.0525,0.2561,-0.0059,3.7202,0.5037,1.6065,0.5075,3.585,4.2066,2.2038,1.5776,16.4484,0.5829,2.3979,0.6156,-0.0483
2020-07-22,0.0215,0.2403,3.8579,0.4877,3.7835,-0.5691,-0.0353,-0.8218,0.0239,0.2833,0.0525,0.2508,-0.0129,3.7466,0.4889,1.569,0.5322,3.618,4.2312,2.3147,1.5931,16.1227,0.5881,2.3854,0.6182,-0.0556
2020-07-23,0.0229,0.2497,3.9499,0.4831,3.8381,-0.5666,-0.0448,-0.8099,0.0197,0.285,0.0525,0.2511,-0.0102,3.7374,0.4786,1.5562,0.555,3.436,4.1677,2.2909,1.593,15.8628,0.5839,2.371,0.5981,-0.053
2020-07-24,0.0346,0.2299,3.9693,0.4801,3.6867,-0.5543,-0.0439,-0.7988,0.0059,0.305,0.05,0.2679,-0.0101,3.7138,0.4744,1.5474999999999999,0.565,3.5927,3.9346,2.3424,1.5859,13.8301,0.588,2.432,0.5895,-0.0293
2020-07-27,0.0342,0.2448,3.9733,0.4863,3.5638,-0.5478,-0.0289,-0.7914,0.0023,0.3025,0.065,0.2546,-0.0186,3.6789,0.4677,1.5469,0.565,3.547,4.0138,2.3226,1.5817,18.0873,0.7069,2.5513,0.6065,-0.0389
2020-07-28,0.0216,0.2185,3.9592,0.5035,3.5507999999999997,-0.566,-0.0276,-0.7873,0.0006,0.305,0.0425,0.2327,-0.022,3.6981,0.4842,1.5403,0.5575,3.558,4.1922,2.3636,1.5713,16.1516,0.7158,2.5568999999999997,0.6065,-0.0355
2020-07-29,0.0167,0.1937,3.9741999999999997,0.4926,3.6951,-0.5674,-0.0176,-0.7756,0.0104,0.33,0.0425,0.2497,-0.0095,3.7047,0.4753,1.5333999999999999,0.5575,3.58,4.1186,2.3278,1.5644,15.1511,0.7153,2.5004999999999997,0.5976,-0.02
2020-07-30,0.0202,0.2338,3.9529,0.4775,3.3994,-0.5833,-0.0404,-0.7887,0.0244,0.33,0.045,0.2421,-0.0201,3.632,0.4668,1.6526999999999998,0.5575,3.605,4.0973,2.2415,1.5417,16.805,0.7134,2.6633,0.596,-0.0146
2020-07-31,0.007,0.2386,3.9347,0.4656,3.4266,-0.5795,-0.0007,-0.7903,0.0366,0.335,0.0375,0.2482,-0.0172,3.6542,0.4631,1.6529,0.5625,3.582,4.1104,2.1332,1.5415999999999999,12.1887,0.7149,2.6633,1.1206,0.0024
2020-08-03,0.0162,0.2379,3.9544,0.5081,3.4282,-0.5738,-0.0284,-0.7801,0.0394,0.3275,0.035,0.2648,-0.0168,3.686,0.4628,1.6360999999999999,0.5725,3.61,4.1147,2.4538,1.5472000000000001,12.1887,0.7154,2.5845000000000002,0.6218,0.008
2020-08-04,0.0145,0.2015,3.9508,0.5306,3.2968,-0.5848,-0.0227,-0.7801,0.0299,0.3,0.0225,0.22,-0.0186,3.6793,0.4893,1.6364,0.57,3.645,4.1125,2.2117,1.5276999999999998,28.2831,0.717,2.6419,0.6054,-0.0075
2020-08-05,0.0289,0.2172,3.953,0.5257,3.3568,-0.5816,-0.0043,-0.7724,0.05,0.2777,0.0225,0.2294,-0.0009,3.694,0.4604,1.3780999999999999,0.5724,3.613,4.1059,2.2045,1.5253,19.866,0.7179,2.7720000000000002,0.571,-0.0033
2020-08-06,0.0316,0.2524,3.9748,0.5485,3.3235,-0.5707,0.0327,-0.7781,0.0474,0.29,0.01,0.2223,-0.0012,3.8115,0.4646,1.4856,0.5725,3.635,4.1056,2.1835,1.5321,20.4986,0.7263,2.7273,0.5728,0.002
2020-08-07,0.0515,0.2007,4.0156,0.5615,3.5261,-0.5747,0.0289,-0.7734,0.0507,0.31,0.0125,0.2626,-0.0029,3.7766,0.4715,1.4843,0.5725,3.5766999999999998,4.0914,2.1327,1.5173999999999999,14.3783,0.7264,2.5861,0.9363,-0.0023
2020-08-10,0.0502,0.2614,4.0478,0.5666,3.0905,-0.5672,0.0149,-0.773,0.069,0.315,0.005,0.2211,0.0003,3.8371,0.4877,1.5019,0.58,3.575,4.1394,2.2247,1.572,10.1619,0.726,2.593,0.5635,-0.0066
2020-08-11,0.0593,0.2399,4.1703,0.5564,3.2516,-0.5599,0.0286,-0.7465,0.1027,0.355,0.0525,0.2452,-0.0221,3.7281,0.5073,1.5213999999999999,0.6725,3.57,4.1594,2.2613,1.5583,8.6587,0.728,2.5928,0.6241,-0.0074
2020-08-12,0.0647,0.2611,4.1545,0.5604,3.1961,-0.5437,0.0462,-0.7377,0.1164,0.3829,0.0651,0.2441,-0.0425,3.8801,0.5678,1.5594999999999999,0.6924,3.638,4.1358,2.3696,1.5753,8.7185,0.7426,2.5339,0.5891,0.0147
2020-08-13,0.0582,0.3083,3.6058,0.5367,3.6038,-0.5223,0.0412,-0.738,0.1348,0.3825,0.075,0.2506,-0.0665,3.8882,0.5597,1.5629,0.8125,3.678,4.2129,2.4492,1.5514999999999999,9.6092,0.7352,2.4734,0.5788,0.0193
2020-08-14,0.0618,0.2765,4.0267,0.5504,3.3881,-0.5269,0.0206,-0.7264,0.1359,0.3825,0.095,0.2499,-0.0759,3.9516999999999998,0.5981,1.5793,0.8225,3.739,4.239,2.4423,1.529,9.9433,0.7534,2.4856,0.5952,0.021
2020-08-17,0.0593,0.2607,4.0879,0.5529,3.7518000000000002,-0.5245,-0.0102,-0.7327,0.1365,0.385,0.09,0.2353,-0.0834,3.9283,0.5981,1.5749,0.8275,3.798,4.4207,2.5448,1.6028,7.4215,0.7514,2.6531000000000002,0.6034,0.0017
2020-08-18,0.0544,0.2501,4.121,0.549,3.4152,-0.546,-0.0074,-0.7306,0.1377,0.3725,0.1075,0.2177,-0.1467,3.9189,0.5846,1.5754000000000001,0.8325,3.818,4.3549,2.4881,1.6055000000000001,3.5457,0.7514,2.5395,0.5757,-0.0008
2020-08-19,0.0659,0.2473,4.1065,0.5663,3.753,-0.546,0.0002,-0.7361,0.1478,0.3552,0.1076,0.2322,-0.1621,4.0071,0.6016,1.5792000000000002,0.8525,3.803,4.3603,2.5263999999999998,1.6069,4.3909,0.755,2.7904,0.6133,-0.0069
2020-08-20,0.0614,0.2326,4.1532,0.5496,3.2572,-0.5547,0.0045,-0.7463,0.1212,0.3475,0.105,0.2329,-0.181,3.9451,0.6045,1.6019999999999999,0.8525,3.768,4.4531,2.5415,1.6066,5.1719,0.7515,2.699,0.6143,-0.0337
2020-08-21,0.062,0.2545,4.1525,0.5303,3.2753,-0.58,-0.0159,-0.7456,0.112,0.3525,0.1,0.2307,-0.1597,3.9824,0.6551,1.5946,0.8525,3.6992000000000003,4.5507,2.5188,1.6054,5.2387,0.7549,2.699,0.5973,-0.0413
2020-08-24,0.0609,0.2601,4.2087,0.5078,3.4827,-0.5746,0.007,-0.7438,0.1362,0.365,0.1175,0.2235,-0.1746,4.0428,0.6258,1.5752000000000002,0.87,3.713,4.4616,2.4966,1.6059999999999999,6.246,0.7675,2.7416,0.5892,-0.0409
2020-08-25,0.072,0.2631,4.2332,0.6576,3.8750999999999998,-0.5537,0.0469,-0.7323,0.1464,0.395,0.1325,0.2273,-0.1626,3.968,0.6269,1.5413000000000001,0.87,3.753,4.4719,2.55,1.5945,8.1658,0.7769,2.7800000000000002,0.5874,-0.0441
2020-08-26,0.0781,0.2652,4.2276,0.6603,3.839,-0.5403,0.02,-0.7234,0.1577,0.4305,0.1102,0.219,-0.1619,4.0614,0.6458,1.5412,0.8751,3.838,4.4855,2.5967000000000002,1.6181999999999999,3.074,0.8035,2.667,0.6676,-0.0224
2020-08-27,0.0748,0.274,4.1626,0.6639,3.5300000000000002,-0.5407,0.0858,-0.732,0.1531,0.4225,0.115,0.2318,-0.185,3.9705,0.6515,1.5409000000000002,0.8975,3.908,4.4721,2.594,1.6707999999999998,3.0966,0.7934,2.5793,0.6324,-0.0258
2020-08-28,0.0787,0.2212,4.0851,0.6627,3.5262000000000002,-0.5607,0.0093,-0.7215,0.1688,0.4375,0.11,0.2763,-0.1695,3.9466,0.674,1.4959,0.9125,3.9293,4.3316,2.5939,1.6726999999999999,2.7083,0.7966,2.5837,0.6813,-0.0259
2020-08-31,0.0713,0.2281,4.1165,0.617,2.1584,-0.5306,0.0107,-0.732,0.1697,0.4375,0.11,0.2294,-0.1764,3.9624,0.696,1.496,0.9125,3.898,4.3273,2.4055,1.6724,7.413,0.7974,2.5837,0.6584,-0.0044
2020-09-01,0.0657,0.2127,4.1245,0.6347,3.4694,-0.5573,-0.004,-0.7364,0.1756,0.405,0.11,0.2196,-0.2107,3.8635,0.7125,1.46,0.905,3.828,4.272,2.4322,1.6947999999999999,9.5401,0.7842,2.6521,0.6553,-0.0033
2020-09-02,0.0657,0.2309,4.1153,0.7278,3.5845000000000002,-0.5771,0.0067,-0.757,0.1537,0.395,0.095,0.2128,-0.1893,3.9586,0.668,1.3229,0.945,3.803,4.3494,2.3681,1.6482,5.4606,0.8053,2.715,0.6466,-0.0032
2020-09-03,0.0617,0.2392,4.0842,0.75,3.9215999999999998,-0.5728,0.0097,-0.7625,0.125,0.38,0.0775,0.2141,-0.2125,4.0118,0.6646,1.3141,0.86,3.778,4.4042,2.4191,1.6379000000000001,4.2744,0.7959,2.7561,0.6457,-0.0179
2020-09-04,0.0733,0.2588,4.072,0.7514,3.7126,-0.5875,0.0003,-0.7662,0.1062,0.3875,0.0675,0.2178,-0.2064,4.0097,0.6833,1.3234,0.8525,3.753,4.4597999999999995,2.3912,1.6529,3.8749000000000002,0.792,2.9273,0.6698,-0.0193
2020-09-07,0.0696,0.2391,4.0648,0.7498,3.0467,-0.5923,-0.0283,-0.7596,0.1213,0.385,0.06,0.2176,-0.2203,3.9607,0.7225,1.324,0.8425,3.723,4.4373000000000005,2.3901,1.6552,5.5911,0.7912,0.617,0.6638,-0.0143
2020-09-08,0.0656,0.2424,4.0823,0.7593,3.7003,-0.5864,-0.0356,-0.7716,0.112,0.385,0.07,0.2068,-0.2383,4.0007,0.6881,1.418,0.8825,3.648,4.421,2.2957,1.6497000000000002,11.2175,0.7779,0.6157,0.6551,-0.0209
2020-09-09,0.0722,0.2416,4.1084,0.7418,3.8587,-0.5621,-0.0464,-0.7548,0.1038,0.375,0.0675,0.2251,-0.2403,4.0674,0.6941,1.5912,0.87,3.593,4.3911999999999995,2.2551,1.6819,11.6225,0.76,2.9754,0.6421,-0.0191
2020-09-10,0.0585,0.2579,4.1189,0.736,3.8047,-0.5861,-0.0724,-0.7393,0.1293,0.355,0.065,0.2099,-0.2207,4.1375,0.6993,1.5912,0.86,3.675,4.4311,2.2734,1.7690000000000001,4.1507,0.7621,3.0191,0.6548,-0.0104
2020-09-11,0.0553,0.2493,4.123,0.7106,3.4766,-0.5751,-0.0681,-0.753,0.115,0.3425,0.0625,0.224,-0.1983,3.999,0.7076,1.595,0.865,3.705,4.4042,2.2919,1.7673,4.9186,0.766,3.0626,0.6524,-0.019
2020-09-14,0.057,0.2517,4.0363,0.7142,4.2088,-0.59,-0.05,-0.7689,0.1251,0.3025,0.055,0.2016,-0.2083,4.0769,0.6874,1.5415,0.84,3.675,4.4215,2.2488,1.7851,-6.4182,0.7689,3.0943,0.6378,-0.0125
2020-09-15,0.0579,0.2525,4.0743,0.7126,3.6285,-0.5863,-0.0503,-0.7588,0.1365,0.3225,0.0575,0.2207,-0.2309,4.0798,0.6776,1.4681,0.8225,3.682,4.4225,2.2355,1.7802,2.8041,0.7707,3.0172,0.6386,-0.0161
2020-09-16,0.069,0.2396,4.0702,0.7204,3.7736,-0.5888,-0.0242,-0.7549,0.1237,0.34,0.0525,0.2207,-0.212,4.0623,0.6715,1.3901,0.8125,3.662,4.3977,2.1781,1.7801,8.1912,0.7774,3.0763,0.6788,-0.0115
2020-09-17,0.0737,0.2357,4.0498,0.7141,3.8429,-0.5995,-0.0947,-0.7611,0.1049,0.3375,0.0475,0.2253,-0.2003,4.075,0.6792,1.5231,0.8275,3.762,4.3349,2.1559,1.7922,6.9272,0.7717,0.8055,0.6828,-0.0237
2020-09-18,0.0722,0.2827,4.1083,0.7141,2.6875999999999998,-0.5935,-0.0867,-0.7679,0.1004,0.3125,0.035,0.197,-0.1719,3.9985,0.6815,1.5239,0.8275,3.783,4.4021,2.0839,1.7793999999999999,6.4414,0.768,0.8363,0.667,-0.0315
2020-09-21,0.0694,0.2758,4.1621,0.7011,4.0881,-0.6163,-0.0418,-0.7837,0.0954,0.2575,0.0125,0.2571,-0.1771,4.0188,0.6692,1.5512000000000001,0.9,3.8529999999999998,4.4972,2.1132,1.7647,9.1098,0.7547,3.0421,0.6558,-0.0261
2020-09-22,0.0685,0.2571,4.1281,0.7114,3.6103,-0.6113,-0.0454,-0.7811,0.0981,0.2775,0.0325,0.1965,-0.1892,3.9482,0.6597,1.6582,0.9,3.822,4.4621,2.0633,1.7377,4.2377,0.7533,2.953,0.6817,-0.0392
2020-09-23,0.075,0.2806,4.1926,0.8275,4.4822,-0.5797,-0.0401,-0.7719,0.0988,0.3075,0.055,0.1989,-0.1935,4.0554,0.6603,1.6551,1.02,3.827,4.4926,2.1077,1.6916,4.9249,0.7527,2.9626,0.6883,-0.0444
2020-09-24,0.0714,0.2413,3.654,0.8133,3.8907,-0.6025,-0.0549,-0.781,0.0732,0.2875,0.05,0.1964,-0.2021,4.0454,0.641,1.6834,1.135,3.827,4.4845,2.1711,1.7002000000000002,5.4718,0.7551,3.1187,0.622,-0.0471
2020-09-25,0.0676,0.2559,4.0598,0.7747,3.6138,-0.5881,-0.0363,-0.7797,0.0442,0.295,0.0425,0.1823,-0.1909,4.0422,0.6488,1.7408000000000001,0.9975,3.792,4.4794,1.9192,1.6853,-0.2449,0.7681,0.9875,0.6376,-0.0472
2020-09-28,0.0661,0.2341,4.1274,0.7763,4.5076,-0.5926,-0.0472,-0.7693,0.0698,0.295,0.0375,0.1724,-0.1887,4.0766,0.6484,1.4921,1.0525,3.762,4.493,2.1164,1.6783000000000001,11.8627,0.761,3.2297,0.6162,-0.041
2020-09-29,0.0654,0.2611,4.1474,0.7827,3.8564,-0.5858,-0.0327,-0.7554,0.0826,0.2725,0.0325,0.2015,-0.1955,4.0581,0.6506,1.5986,1.1,3.702,4.4673,2.0816,1.696,8.0657,0.756,3.3979,0.6502,-0.0093
2020-09-30,0.068,0.2482,4.1406,0.7668,3.5219,-0.5871,-0.0326,-0.7487,0.084,0.2878,0.04,0.2048,-0.1556,3.9771,0.6506,1.6016,1.0025,3.68,4.4582,2.1539,1.6729,8.9535,0.7526,3.2359999999999998,0.6495,0.0001
2020-10-01,0.0694,0.2694,4.121,0.7515,4.1774000000000004,-0.5685,-0.0167,-0.7503,0.0903,0.3,0.065,0.1864,-0.1712,4.057,0.6506,1.5905,0.9425,3.662,4.4669,2.1812,1.6518000000000002,4.4561,0.7526,3.2571,0.6864,0.0053
2020-10-02,0.0703,0.2544,4.1495,0.75,5.0539,-0.5891,-0.0215,-0.768,0.0925,0.29,0.07,0.1802,-0.1574,4.0333,0.6506,1.5807,0.9275,3.642,4.4904,2.1739,1.6232,7.8645,0.7526,3.7809,0.6586,0.0102
2020-10-05,0.0764,0.2339,4.1514,0.7473,4.5047,-0.5784,0.005,-0.7662,0.0965,0.3,0.1025,0.1939,-0.1624,4.0306,0.667,1.5751,0.9275,3.612,4.5235,2.1853,1.6381000000000001,7.5422,0.7563,3.6827,0.6824,0.0162
2020-10-06,0.0822,0.2286,4.1441,0.77,4.6966,-0.5753,-0.0189,-0.7665,0.1129,0.31,0.095,0.1848,-0.1801,4.0442,0.6759,1.5798999999999999,0.9375,3.632,4.499,2.2546,1.6326,7.2386,0.7682,3.7069,0.6701,0.0142
2020-10-07,0.0857,0.2517,4.1193,0.7579,4.4594,-0.5751,-0.0074,-0.7617,0.1162,0.2828,0.0776,0.1906,-0.1777,4.0508,0.6751,1.5789,0.9526,3.6470000000000002,4.4664,2.2739,1.6122999999999998,7.8833,0.7681,3.7108,0.6822,0.0172
2020-10-08,0.0846,0.2135,4.1168,0.7763,4.4619,-0.5674,-0.0006,-0.7783,0.1034,0.2575,0.0625,0.1989,-0.1935,4.0379,0.6732,1.7457,0.83,3.642,4.4118,2.2236,1.5807,8.495,0.761,4.0209,0.6587,0.0038
2020-10-09,0.0865,0.2722,4.1104,0.7865,4.4716000000000005,-0.5864,-0.0032,-0.7762,0.0881,0.2325,0.0375,0.1918,-0.1826,3.9259,0.6732,1.8409,0.81,3.5877,4.3617,2.1942,1.605,11.2681,0.761,3.7507,0.6351,0.009
2020-10-12,0.0848,0.2869,4.1206,0.7865,4.4567,-0.591,-0.0269,-0.7718,0.081,0.18,0.015,0.1843,-0.1679,3.9743,0.665,1.8575,0.8025,3.572,4.3661,2.1911,1.5929,9.3425,0.7545,3.7755,0.6213,0.0059
2020-10-13,0.0761,0.2809,4.145,0.7568,4.4387,-0.5844,-0.0341,-0.7636,0.0656,0.155,0.0225,0.1876,-0.155,3.9623,0.6495,1.8565,0.7975,3.542,4.3382,2.1571,1.6105,9.2051,0.7592,3.9248,0.6213,-0.0154
2020-10-14,0.0794,0.2483,4.1015,0.7499,4.4394,-0.5846,-0.0288,-0.7722,0.0657,0.2201,0.0075,0.22,-0.1696,4.0422,0.6353,1.8559999999999999,0.8176,3.467,4.3342,2.1186,1.5713,3.8023,0.76,3.8021000000000003,0.6285,-0.0278
2020-10-15,0.0754,0.2597,4.1053,0.7428,4.4623,-0.607,-0.0333,-0.7817,0.0516,0.185,-0.0025,0.1833,-0.1777,4.0396,0.629,1.8576000000000001,0.81,3.462,4.4011,2.0764,1.6084,7.272,0.7571,3.7735,0.6083,-0.0369
2020-10-16,0.0815,0.213,4.1061,0.7154,4.7087,-0.6129,-0.0371,-0.7862,0.0572,0.1975,,0.1837,-0.1828,3.9985,0.634,1.8576000000000001,0.81,3.4008,4.339,2.0469,1.6181,6.5807,0.7537,3.7955,0.6254,-0.0392
2020-10-19,0.0798,0.2368,4.1105,0.7262,4.4604,-0.6181,-0.0194,-0.7978,0.0627,0.2,-0.0075,0.19,-0.179,3.9848,0.6409,1.858,0.8075,3.358,4.3391,2.0389,1.6078999999999999,8.6691,0.7615,3.9576000000000002,0.5814,-0.0366
2020-10-20,0.0789,0.2055,4.1057,0.7276,4.4757,-0.6072,-0.0166,-0.7802,0.0571,0.2025,0.0025,0.1639,-0.2379,3.9961,0.653,1.7969,0.8125,3.367,4.325,2.054,1.6118000000000001,8.6695,0.7677,4.1493,0.6132,-0.0354
2020-10-21,0.0839,0.2193,4.1122,0.7302,4.4707,-0.5913,-0.0098,-0.7862,0.0559,0.1901,0.005,0.161,-0.2169,4.151,0.6734,1.5708,0.8125,3.3970000000000002,4.2878,2.0387,1.6117,8.4642,0.7702,4.6009,0.5957,-0.0267
2020-10-22,0.0895,0.2258,4.172,0.7032,4.61,-0.5939,-0.0045,-0.7835,0.056,0.17,0.0075,0.1541,-0.2284,4.0695,0.6463,1.6151,0.82,3.422,4.3143,2.0836,1.6023,9.3969,0.7711,4.2952,0.6044,-0.0121
2020-10-23,0.0896,0.2187,4.1451,0.7278,4.8245000000000005,-0.5828,-0.0211,-0.7846,0.0713,0.155,0.0025,0.1344,-0.2254,4.1489,0.6403,1.5493999999999999,0.82,3.4883,4.3067,2.0779,1.6052,5.4081,0.7738,4.3737,0.6132,0.0014
2020-10-26,0.0807,0.2504,4.1461,0.6983,4.8081,-0.5811,-0.0269,-0.7727,0.0562,0.145,-0.015,0.15,-0.2262,4.0629,0.638,1.5926,0.805,3.487,4.3284,2.0845,1.605,10.6121,0.7753,4.618,0.6046,0.0095
2020-10-27,0.0814,0.2579,4.1498,0.7116,5.0302,-0.6215,-0.0149,-0.7721,0.0394,0.1375,-0.0175,0.1461,-0.2005,4.1409,0.6445,1.4825,0.7925,3.507,4.3231,2.1069,1.5986,9.9597,0.7752,4.039,0.6121,-0.0044
2020-10-28,0.0817,0.2369,4.1756,0.7397,5.2201,-0.607,-0.0132,-0.7881,-0.0026,0.1375,-0.01,0.1558,-0.2204,4.1529,0.6471,1.5070000000000001,0.805,3.537,4.4462,2.147,1.5636,14.3877,0.7738,4.3327,0.5968,-0.0135
2020-10-29,0.08,0.2349,4.212,0.7144,5.0612,-0.6209,-0.0197,-0.8078,-0.0011,0.12,-0.015,0.1567,-0.2123,4.1489,0.6534,1.502,0.82,3.507,4.4522,2.1661,1.5638999999999998,9.9914,0.7705,4.4753,0.576,-0.0417
2020-10-30,0.0778,0.2355,4.2677,0.7083,5.0763,-0.6204,0.0073,-0.8042,-0.0394,0.1275,,0.1448,-0.2153,4.1489,0.6509,1.4934,0.8175,3.457,4.5055,2.1934,1.5641,11.9569,0.7713,4.5239,0.6095,-0.03
2020-11-02,0.0825,0.2459,4.26,0.7162,5.0721,-0.5839,-0.0191,-0.8031,-0.0281,0.12,-0.01,0.1791,-0.2151,4.1906,0.6664,1.4668999999999999,0.8125,3.467,4.5155,2.1878,1.5479,9.6456,0.7647,4.5239,0.6162,-0.0409
2020-11-03,0.0872,0.265,4.2936,0.6744,5.3026,-0.5937,-0.0363,-0.7927,-0.0441,0.14,-0.035,-0.0216,-0.2015,4.2379999999999995,0.6368,1.4182000000000001,0.735,3.467,4.4617,2.1386,1.6402,6.1982,0.7762,4.5774,0.6062,-0.0224
2020-11-04,0.0756,0.2709,4.2295,0.6941,4.9823,-0.6109,-0.0465,-0.7928,-0.0458,0.1249,-0.0425,0.0835,-0.1819,4.281,0.6309,1.4289,0.6925,3.422,4.286,2.2405,1.6537,5.5503,0.7795,4.4751,0.5929,-0.0342
2020-11-05,0.0818,0.2611,4.1439,0.6733,5.1112,-0.5946,-0.0091,-0.7884,-0.0465,0.2175,-0.025,0.0674,-0.203,4.2519,0.6142,1.4653,0.62,3.377,4.2475,2.1142,1.5558,4.9619,0.7779,4.1227,0.5956,-0.0405
2020-11-06,0.0895,0.2565,4.1142,0.6937,4.9484,-0.5871,-0.0138,-0.7847,-0.05,0.2675,0.0275,0.046,-0.1808,4.3028,0.6263,1.4659,0.5725,3.4182,4.2257,2.0362,1.5762,5.9163,0.7703,3.9995000000000003,0.5895,-0.0389
2020-11-09,0.1052,0.2953,4.1236,0.6725,4.8821,-0.5453,0.0181,-0.7568,-0.0644,0.37,0.0875,0.0806,-0.099,4.3115,0.6321,1.4868999999999999,0.605,3.387,4.153,2.0119,1.5888,6.6515,0.7703,4.2535,0.5556,-0.0203
2020-11-10,0.1119,0.3016,4.112,0.7535,4.9185,-0.5519,0.0376,-0.7452,-0.0857,0.375,0.1152,0.0961,-0.075,4.3407,0.6634,1.5350000000000001,0.6175,3.537,4.2425,2.0656,1.6189,0.6163,0.7811,4.5156,0.5757,-0.0134
2020-11-11,0.1078,0.2976,4.0989,0.7608,5.2753,-0.5536,0.0446,-0.7393,-0.0635,0.3601,0.1152,0.0872,0.0757,4.3076,0.6592,1.5429,0.6152,3.6470000000000002,4.2328,2.0501,1.6732,-1.837,0.7884,4.4534,0.5863,-0.0142
2020-11-12,0.1027,0.3095,4.236,0.794,4.9579,-0.5475,0.009,-0.7563,-0.0155,0.345,0.1,0.0949,0.0421,4.2742,0.6628,1.5428,0.6125,3.617,4.2722999999999995,2.0712,1.6751,-2.3177,0.7845,4.4611,0.5711,-0.0356
2020-11-13,0.1017,0.3132,4.2661,0.766,5.1493,-0.579,0.0236,-0.7541,-0.018,0.3575,0.1075,0.0935,0.0519,4.2553,0.6453,1.4672,0.56,3.7283,4.2543,2.1099,1.6993,-2.2721999999999998,0.7773,4.4869,0.571,-0.008
2020-11-16,0.1024,0.2913,4.2772,0.7906,5.1211,-0.5551,0.0229,-0.7551,0.007,0.3625,0.105,0.0858,0.0931,4.2841000000000005,0.6495,1.4794,0.53,3.6470000000000002,4.1882,2.1162,1.7004000000000001,-1.1641,0.779,4.1819,0.5937,-0.0099
2020-11-17,0.106,0.2799,4.2418,0.824,5.1153,-0.5662,0.0194,-0.7468,0.0276,0.3625,0.11,0.0996,0.094,4.2685,0.6418,1.4795,0.52,3.637,4.1345,2.1124,1.7157,-1.8388,0.783,4.1376,0.5536,-0.0208
2020-11-18,0.1044,0.2794,4.1817,0.8149,5.1342,-0.5585,0.0424,-0.7528,0.0292,0.3804,0.1051,0.0966,0.0977,4.3122,0.6353,1.4788000000000001,0.5102,3.638,4.1181,2.127,1.7133,-4.2145,0.7862,4.0072,0.5524,-0.0181
2020-11-19,0.0963,0.2594,4.1388,0.8276,5.2107,-0.5553,0.0311,-0.7461,0.0256,0.3875,0.1,0.0975,0.0991,4.2854,0.6411,1.5030000000000001,0.515,3.763,4.1974,2.1199,1.7053,-1.0416,0.782,3.982,0.5403,-0.0182
2020-11-20,0.1049,0.2746,4.1082,0.8708,5.1647,-0.5591,0.019,-0.7547,0.0456,0.43,0.105,0.09,0.0936,4.2238,0.6508,1.501,0.515,3.7411,4.2007,2.1746,1.7092,3.0949,0.7766,3.7262,0.5535,-0.0279
2020-11-23,0.1161,0.2549,4.1479,0.9712,5.2493,-0.5494,0.0254,-0.7507,0.0457,0.46,0.1025,0.0959,0.0988,4.2353,0.6583,1.5001,0.5325,3.79,4.2082,2.1617,1.7054,3.6828,0.7854,3.5272,0.548,-0.0202
2020-11-24,0.1149,0.2927,4.0796,0.9436,5.1548,-0.546,0.0203,-0.7421,0.0519,0.4975,0.1,0.1068,0.1759,4.2707,0.6618,1.4999,0.52,3.75,4.1943,2.211,1.7121,11.5171,0.7878,3.4464,0.567,-0.0079
2020-11-25,0.1146,0.2579,4.1195,0.9458,5.0707,-0.5447,0.0421,-0.7374,0.0577,0.47,0.09,0.1089,0.167,4.2851,0.6724,1.5117,0.54,3.7720000000000002,4.1332,2.2384,1.6901000000000002,6.9394,0.7891,3.2846,0.5854,-0.0175
2020-11-26,0.1167,0.2548,4.1122,0.9299,4.9929,-0.5573,0.0283,-0.7383,0.0682,0.4875,0.09,0.0962,0.1633,4.3117,0.6908,1.5049000000000001,0.54,3.832,4.0793,2.2123,1.7185000000000001,5.2354,0.7895,3.2596,0.6434,-0.0219
2020-11-27,0.1143,0.253,4.0967,0.9817,4.9555,-0.5673,0.0227,-0.7464,0.0693,0.5075,0.0875,0.1019,0.1612,4.3689,0.6837,1.5143,0.555,3.892,3.9885,2.2472,1.7404,5.8209,0.7852,3.2927,0.5952,-0.0124
2020-11-30,0.114,0.2561,4.1082,1.0168,4.8072,-0.5513,0.0341,-0.7288,0.0655,0.52,0.0875,0.1024,0.1514,4.3689,0.7011,1.5143,0.535,3.888,4.0333,2.2808,1.7423,5.465,0.7859,3.2927,0.5838,-0.0113
2020-12-01,0.1147,0.2505,4.0738,1.0152,4.681,-0.5466,0.0332,-0.7277,0.0757,0.59,0.09,0.0931,0.1524,4.3984,0.6874,1.5143,0.545,3.792,3.9729,2.3397,1.7418,4.4589,0.7902,3.4447,0.6015,0.0007
2020-12-02,0.1171,0.2755,4.0918,1.0069,5.3716,-0.5484,0.0551,-0.7298,0.0734,0.5366,0.0879,0.1135,0.1615,4.4149,0.6949,1.5162,0.608,3.783,3.9611,2.4163,1.7397,5.1988,0.7996,3.3561,0.6402,0.0188
2020-12-03,0.1176,0.2469,4.0502,1.0612,5.4745,-0.5587,0.0322,-0.7407,0.0891,0.515,0.0925,0.1064,0.1637,4.4861,0.6862,1.5258,0.5875,3.8129999999999997,3.9668,2.3392,1.7341,6.2793,0.8077,3.2317,0.7216,-0.0064
2020-12-04,0.1202,0.2761,4.0495,1.0464,5.6547,-0.5814,0.0289,-0.7354,0.0899,0.61,0.145,0.1164,0.1648,4.4913,0.6792,1.5189,0.6,3.8113,3.9748,2.3590999999999998,1.7311,5.6073,0.8008,3.1011,0.7055,-0.0077
2020-12-07,0.1173,0.2712,4.0446,0.9977,5.4858,-0.5955,0.0168,-0.75,0.0855,0.62,0.135,0.1156,0.1742,4.6705,0.6769,1.5011,0.6225,3.7880000000000003,3.9760999999999997,2.3703,1.7252,13.2188,0.8147,3.3398,0.7104,-0.0158
2020-12-08,0.1301,0.2714,4.055,0.9977,4.755,-0.5881,0.0156,-0.7676,0.0811,0.6,0.135,0.1053,0.1756,4.5193,0.693,1.4834,0.6175,3.8129999999999997,3.9385,2.3548999999999998,1.7284000000000002,6.9693000000000005,0.8212,3.3398,0.7361,-0.0295
2020-12-09,0.1275,0.2824,4.0441,0.855,4.6834,-0.5884,0.0076,-0.7506,0.0987,0.6118,0.1459,0.1133,0.1736,4.4515,0.6929,1.4357,0.6108,3.83,4.0027,2.4032,1.729,5.6714,0.8527,3.2899,0.79,-0.0293
2020-12-10,0.1273,0.2396,4.0698,0.8835,4.7901,-0.5833,-0.0321,-0.759,0.104,0.605,0.1425,0.1149,0.1718,4.4588,0.6939,1.3897,0.6075,3.823,4.0954,2.4208,1.7302,7.5167,0.8325,3.2422,0.7556,-0.0324
2020-12-11,0.1167,0.2312,4.0795,0.8734,4.7163,-0.5819,0.0066,-0.7684,0.1048,0.59,0.14,0.1213,0.1818,4.4903,0.6994,1.3932,0.6075,3.7962,4.1072,2.3468999999999998,1.7276,7.2501,0.8432,3.1186,0.7518,-0.0384
2020-12-14,0.1196,0.2436,4.0738,0.8728,4.707,-0.59,0.0048,-0.7572,0.1054,0.59,0.145,0.1159,0.1811,4.5137,0.7055,1.3822999999999999,0.6075,3.74,4.1541,2.3439,1.7242,7.9375,0.8383,2.9914,0.74,0.0258
2020-12-15,0.122,0.2519,4.0713,0.8978,4.6013,-0.5756,0.0345,-0.7483,0.0761,0.58,0.145,0.118,0.1786,4.5477,0.7127,1.3609,0.5425,3.673,4.1534,2.2505,1.7135,6.1443,0.8448,2.7976,0.7506,-0.0532
2020-12-16,0.124,0.2455,4.0176,0.8894,4.7795,-0.5722,0.0392,-0.7553,0.068,0.6019,0.171,0.1176,0.2018,4.5917,0.7129,1.3592,0.5427,3.673,4.1132,2.2775,1.7379,4.6619,0.8496,3.0169,0.6912,-0.0425
2020-12-17,0.1236,0.2316,3.9802999999999997,0.9713,4.7304,-0.5523,0.0448,-0.7575,0.0692,0.61,0.1775,0.1165,0.2076,4.5825,0.7357,1.3609,0.53,3.623,4.1269,2.2836,1.7224,5.6682,0.8365,3.3366,0.7084,-0.0348
2020-12-18,0.1162,0.2797,3.9398,0.9088,4.7855,-0.5583,0.0172,-0.7645,0.0746,0.6225,0.175,0.1164,0.2183,4.6309000000000005,0.7224,1.3382,0.5325,3.5896,4.2577,2.0754,1.7168999999999999,3.8298,0.8336,3.6253,0.7182,-0.017
2020-12-21,0.1152,0.2455,3.9226,0.8809,4.8665,-0.5663,-0.0131,-0.7639,0.0257,0.61,0.1475,0.1128,0.2077,4.5465,0.7164,1.3272,0.5325,3.5869999999999997,4.4104,2.1335,1.708,5.4793,0.8385,3.7260999999999997,0.7466,-0.013
2020-12-22,0.1167,0.2349,3.9325,0.8888,4.7302,-0.5656,-0.0198,-0.7342,-0.0017,0.605,0.1475,0.11,0.2019,4.5322,0.707,1.3363,0.5375,3.537,4.3087,2.0596,1.7235,5.0094,0.8401,3.5816,0.7457,-0.0045
2020-12-23,0.1127,0.2226,3.9687,0.8748,4.682,-0.6026,0.0259,-0.73,-0.0144,0.62,0.1625,0.1142,0.201,4.5149,0.6916,1.2818,0.5375,3.517,4.3333,2.0753,1.7259,5.4546,0.8422,3.3363,0.7172,-0.0004
2020-12-24,0.1158,0.2562,3.9565,0.8755,4.6943,-0.5534,0.0145,-0.7235,-0.0151,0.62,0.1625,0.1114,0.1698,4.515,0.703,1.2859,0.5375,3.517,4.3506,2.0716,1.7168,6.4753,0.8377,3.3363,0.626,-0.0129
2020-12-25,0.1154,0.2498,3.9568,0.8755,4.7066,-0.5534,0.0129,-0.7236,-0.0151,0.62,0.1625,0.1148,0.1912,4.515,0.703,1.2859,0.5375,3.517,4.3327,2.0688,1.7176,2.268,0.8349,3.3363,0.6322,-0.0013
2020-12-28,0.1267,0.2395,3.9633000000000003,0.894,4.8924,-0.5615,-0.0042,-0.7336,-0.0136,0.62,0.1625,0.108,0.2066,4.5143,0.7021,1.2797,0.5375,3.477,4.4597,2.0946,1.7254,11.3457,0.837,3.3233,0.5726,0.0004
2020-12-29,0.1223,0.2068,3.9714,0.898,4.7828,-0.5607,0.0038,-0.7423,-0.0029,0.625,0.145,0.1158,0.205,4.4882,0.717,1.2835,0.5375,3.438,4.4152000000000005,2.0865,1.7222,-0.1987,0.8377,3.4613,0.6244,-0.0479
2020-12-30,0.1183,0.2177,3.9767,0.8836,4.8167,-0.5571,-0.0127,-0.7589,0.0075,0.63,0.055,0.1108,0.2019,4.5134,0.7313,1.112,0.5375,3.348,4.3868,2.0546,1.7212,2.6991,0.8427,3.4613,0.5879,-0.0396
2020-12-31,0.1117,0.194,3.9831,0.8837,4.8302,-0.573,-0.0155,-0.7553,0.0191,0.63,0.0225,0.1097,0.1948,4.376,0.7313,1.1142,0.5375,3.318,4.356,2.0188,1.7354,2.7712,0.8337,3.4613,0.6005,-0.0492
2021-01-01,0.1104,0.1934,3.9954,0.8837,4.8433,-0.573,-0.0206,-0.7554,0.019,0.63,0.0225,0.1161,0.2009,4.4303,0.7313,1.1142,0.5375,3.318,4.356,2.0188,1.7353,2.7204,0.8337,3.4613,0.6005,-0.0378
2021-01-04,0.1106,0.2156,3.9454000000000002,0.9134,4.7846,-0.5544,-0.1126,-0.7617,0.0261,0.6,0.02,0.1114,0.1974,4.3332,0.7025,1.0759,0.5375,3.258,4.3463,2.0827,1.7107,2.4547,0.8365,3.3707,0.5691,-0.0584
2021-01-05,0.1044,0.2218,3.9388,0.9098,4.868,-0.565,-0.0346,-0.7761,0.0395,0.555,0.0402,0.1133,0.182,4.3607,0.671,1.1007,0.5425,3.278,4.3485,2.0352,1.7109999999999999,2.4281,0.8284,3.6351,0.5851,-0.0625
2021-01-06,0.1119,0.2117,3.9027,0.9227,4.9705,-0.5533,-0.0239,-0.7628,0.0459,0.5266,0.0402,0.1207,0.1871,4.4148,0.6913,1.2014,0.5852,3.388,4.3485,2.1346,1.7187000000000001,1.5487,0.8442,3.5855,0.5485,-0.0611
2021-01-07,0.1131,0.2206,3.9042,0.9677,5.173,-0.5408,-0.0252,-0.7614,0.0508,0.5225,0.035,0.1118,0.1967,4.4351,0.6861,1.2177,0.61,3.448,4.3485,2.1157,1.7072,1.6779,0.8366,3.8166,0.5714,-0.0506
2021-01-08,0.111,0.1998,3.9130000000000003,0.9672,5.3311,-0.5368,-0.0295,-0.7505,0.0468,0.505,0.0275,0.1118,0.1938,4.4479,0.6883,1.2434,0.625,3.4516999999999998,4.3738,2.0457,1.7046999999999999,1.8611,0.8271,3.6877,0.7423,-0.0463
2021-01-11,0.1088,0.2391,3.9405,0.97,5.5336,-0.5107,-0.0297,-0.7459,0.0613,0.5175,0.0275,0.1156,0.1898,4.4886,0.6881,1.2336,0.6875,3.488,4.4809,1.9814,1.718,2.7289,0.8353,3.5054,0.55,-0.0364
2021-01-12,0.1205,0.2434,3.9924,1.0036,5.4638,-0.523,-0.0008,-0.7483,0.0627,0.54,0.04,0.1183,0.2038,4.5264,0.7272,1.2551,0.67,3.48,4.4247,2.0526,1.6379000000000001,2.9622,0.8195,3.6963,0.5683,-0.0296
2021-01-13,0.1151,0.213,4.0067,0.9578,5.5517,-0.5345,-0.016,-0.7544,0.0369,0.44,0.0355,0.1093,0.2071,4.4853,0.73,1.2678,0.6425,3.45,4.4043,2.0284,1.5956000000000001,1.9761,0.8305,3.6869,0.5539,-0.0272
2021-01-14,0.1121,0.2326,3.9854000000000003,0.9183,5.5618,-0.5562,-0.0239,-0.7627,0.0267,0.45,0.045,0.1168,0.2022,4.4307,0.7634,1.1995,0.6575,3.48,4.3787,1.9656,1.6033,2.7816,0.8162,3.9245,0.6054,-0.0586
2021-01-15,0.1033,0.2514,3.952,0.9012,5.7692,-0.5498,-0.0354,-0.7521,0.0456,0.46,0.05,0.135,0.2009,4.4858,0.7452,0.9054,0.6925,3.508,4.4177,1.9537,1.5817,3.5744,0.8071,3.9567,0.7689,-0.0573
2021-01-18,0.1084,0.271,3.9542,0.8803,5.6132,-0.5498,-0.0836,-0.7618,0.075,0.485,0.045,0.1121,0.2023,4.4304,0.7282,1.0591,0.69,3.518,4.3439,1.9706000000000001,1.5734,3.5127,0.8127,3.8323,0.6161,-0.0475
2021-01-19,0.1073,0.2715,3.9642,0.8782,5.7101,-0.5431,-0.0243,-0.7551,0.0741,0.495,0.0425,0.1233,0.2054,4.4471,0.739,1.1391,0.7,3.493,4.4587,1.9024999999999999,1.5735999999999999,3.7332,0.8086,3.9516999999999998,0.8285,-0.0398
2021-01-20,0.1025,0.2901,3.9377,0.9312,5.6758,-0.5491,-0.0154,-0.7597,0.0834,0.499,0.0355,0.1166,0.2036,4.4629,0.7278,1.0545,0.6946,3.503,4.4037,1.9175,1.6646,3.8199,0.8114,4.1608,0.6391,-0.029
2021-01-21,0.1034,0.3533,3.9493,0.9327,5.8907,-0.5261,-0.0097,-0.7613,0.121,0.53,0.065,0.1192,0.2173,4.4778,0.7291,0.9965,0.6875,3.678,4.437,1.9241000000000001,1.6574,12.6202,0.8078,4.0917,0.6009,-0.0274
2021-01-22,0.1086,0.3158,3.9649,0.9432,5.865,-0.5365,-0.0147,-0.7612,0.1263,0.5425,0.0775,0.1218,0.2234,4.4337,0.7428,0.9505,0.69,3.7308,4.5142,1.8853,1.6733,12.6849,0.8036,4.1019,0.6095,-0.031
2021-01-25,0.1105,0.2906,3.9392,0.9361,5.8722,-0.5591,0.0111,-0.7623,0.1304,0.525,0.0675,0.1185,0.208,4.5123,0.7518,0.9847,0.675,3.773,4.5388,1.8713,1.6120999999999999,9.1328,0.8103,4.0414,0.5703,-0.0355
2021-01-26,0.1127,0.2617,3.933,0.9114,5.8588000000000005,-0.5451,-0.0043,-0.7628,0.1204,0.5825,0.05,0.121,0.2185,4.5135,0.7465,1.0488,0.68,3.748,4.5232,1.8565,1.6319,8.9726,0.8137,3.9983,0.569,-0.0357
2021-01-27,0.1109,0.2929,3.8949,0.9068,5.822,-0.5602,-0.0082,-0.765,0.1271,0.5675,0.05,0.1187,0.2147,4.4691,0.7245,1.0806,0.6975,3.758,4.5678,1.8944999999999999,1.62,13.3562,0.8101,3.8087999999999997,0.5542,-0.05
2021-01-28,0.1217,0.2938,3.8986,0.8666,5.6807,-0.5519,-0.006,-0.7709,0.1356,0.575,0.0825,0.1211,0.2175,4.4284,0.7086,1.111,0.7,3.718,4.5687999999999995,1.8645,1.6191,13.3604,0.8202,3.7632,0.5629,-0.0481
2021-01-29,0.1282,0.2988,3.9203,0.88,5.624,-0.5397,-0.0003,-0.7675,0.1349,0.5825,0.1025,0.1234,0.2121,4.4602,0.6903,1.1066,0.7175,3.698,4.5578,1.8805,1.6352,13.4602,0.8195,3.8558,0.5675,-0.0386
2021-02-01,0.134,0.2989,3.9161,0.9255,5.6428,-0.5615,0.0067,-0.7681,0.1535,0.595,0.1,0.1202,0.218,4.555,0.7058,1.1072,0.715,3.678,4.5483,1.9784000000000002,1.6356000000000002,8.7735,0.8123,3.9359,0.5799,-0.0322
2021-02-02,0.1229,0.3004,3.9032999999999998,0.9243,5.5966000000000005,-0.5499,0.0072,-0.7646,0.1756,0.6125,0.105,0.1151,0.2659,4.5322,0.6763,1.096,0.7125,3.6879999999999997,4.5183,1.9266,1.6326,13.812100000000001,0.8104,3.8128,0.617,-0.0286
2021-02-03,0.1221,0.2996,3.9379999999999997,0.9222,5.5973,-0.5303,0.0274,-0.7661,0.181,0.6182,0.1058,0.1067,0.2488,4.4649,0.6778,1.1275,0.7079,3.758,4.4983,1.9342000000000001,1.6621000000000001,14.0173,0.8188,4.0552,0.6206,-0.0207
2021-02-04,0.1208,0.2905,3.9874,0.912,5.7067,-0.528,0.0511,-0.7508,0.1721,0.6975,0.13,0.1123,0.256,4.4963,0.6822,1.1191,0.705,3.778,4.4702,1.9321000000000002,1.6739000000000002,14.0994,0.8222,3.8202,0.5913,-0.0248
2021-02-05,0.1223,0.2799,3.9624,0.9251,5.927,-0.5447,0.1059,-0.7432,0.1892,0.895,0.205,0.1059,0.2682,4.5994,0.6676,1.1196,0.725,3.8428,4.4205,1.9575,1.6709,14.1653,0.8194,4.0261,0.61,-0.0203
2021-02-08,0.1318,0.2862,4.0321,1.0769,5.8362,-0.5418,0.0559,-0.7464,0.2052,0.875,0.205,0.1151,0.272,4.6079,0.6787,1.1888,0.755,3.848,4.41,1.9914,1.6896,8.4261,0.8116,4.165,0.6315,-0.0167
2021-02-09,0.1346,0.2932,4.0169,1.0411,5.8103,-0.5368,0.0499,-0.7628,0.2057,0.875,0.2,0.1105,0.2619,4.5446,0.6818,1.2525,0.76,3.893,4.4631,2.0473,1.7008,14.2576,0.8138,3.5332,0.6027,-0.0197
2021-02-10,0.1237,0.2748,4.0049,1.0405,5.7328,-0.5263,0.0605,-0.7485,0.2105,0.8936,0.1965,0.1165,0.2669,4.5716,0.6958,1.358,0.778,3.888,4.5346,2.125,1.7013,13.9693,0.8138,3.8301,0.6226,-0.0227
2021-02-11,0.1238,0.3101,3.4173999999999998,1.0659,5.4653,-0.5463,0.0517,-0.7477,0.2121,0.855,0.195,0.1135,0.275,4.4934,0.6958,1.4277,0.78,3.898,4.5473,2.0306,1.687,14.3997,0.8138,4.0188,0.615,-0.0149
2021-02-12,0.1283,0.2819,3.7576,1.098,5.584,-0.5268,0.0591,-0.7399,0.2113,0.9525,0.245,0.1277,0.2751,4.5532,0.6958,1.3881000000000001,0.9175,3.9722,4.7858,2.0535,1.6877,10.2256,0.8138,4.0188,0.6031,0.0003
2021-02-15,0.1274,0.2856,3.7645,1.1457,5.5758,-0.5327,0.0621,-0.7438,0.2091,0.99,0.26,0.117,0.2683,4.5571,0.7092,1.3921000000000001,1.055,4.028,4.8221,2.0022,1.7608000000000001,3.7500999999999998,0.8138,4.0742,0.6333,0.0134
2021-02-16,0.133,0.3182,3.8028,1.1876,5.5758,-0.5244,0.0607,-0.7435,0.2219,1.0175,0.295,0.1269,0.2736,4.5564,0.7079,1.4262000000000001,1.205,4.198,4.9994,2.1362,1.7768000000000002,14.4713,0.8138,4.1113,0.6073,0.016
2021-02-17,0.1343,0.3074,3.8017,1.2564,5.7033000000000005,-0.5315,0.024,-0.7176,0.2229,0.964,0.2313,0.134,0.2793,4.6077,0.7219,1.6002999999999998,1.1162,4.168,4.965,2.2138,1.7894,13.8255,0.8342,4.0961,0.6038,0.0121
2021-02-18,0.1364,0.3145,3.8263,1.2915,5.6769,-0.5349,0.0817,-0.7085,0.2269,0.98,0.2675,0.1241,0.2723,4.6332,0.736,1.5119,1.0925,4.118,4.9808,2.2686,1.7875,14.606,0.8293,3.8741,0.6214,0.0091
2021-02-19,0.1481,0.314,3.8808,1.2814,5.809,-0.5307,0.0658,-0.6901,0.2406,0.9975,0.26,0.156,0.2676,4.6332,0.7363,1.5109,1.1225,4.0829,4.9929,2.3586,1.7681,14.0572,0.8181,4.1127,0.6255,0.0164
2021-02-22,0.1455,0.2939,3.9795,1.3174000000000001,5.9823,-0.5212,0.0724,-0.7018,0.2311,0.9775,0.235,0.1266,0.2861,4.6489,0.7535,1.5955,1.1325,4.158,4.9922,2.4852,1.8016999999999999,14.2532,0.8377,4.3585,0.6792,-0.0008
2021-02-23,0.1475,0.3255,3.9347,1.2671000000000001,5.8608,-0.5219,0.0843,-0.706,0.2506,0.955,0.245,0.1297,0.3045,4.6302,0.7297,1.6139000000000001,1.145,4.148,4.9532,2.3945,1.8058,3.8542,0.8404,4.0451,0.7162,0.0087
2021-02-24,0.1446,0.3091,3.961,1.304,5.9349,-0.5216,0.0861,-0.7093,0.2658,0.9401,0.2569,0.1433,0.3732,4.6293,0.7138,1.5816,1.1597,4.178,4.9099,2.3684,1.7957999999999998,14.7955,0.8341,4.3523,0.6917,0.0373
2021-02-25,0.1557,0.3927,4.1327,1.3721,6.1854,-0.363,0.1685,-0.6809,0.3042,0.965,0.29,0.1828,0.4083,4.6856,0.7318,1.5847,1.25,4.303,5.1713000000000005,2.5247,1.8169,15.1967,0.8421,4.3261,0.7247,0.0631
2021-02-26,0.1453,0.3629,4.2048,1.4029,6.2775,-0.5098,0.1521,-0.6595,0.2816,0.95,0.335,0.1816,0.3613,4.7329,0.7765,1.6004,1.21,4.3673,5.2954,2.4147,1.874,16.0751,0.8629,3.9898,0.7204,0.0733
2021-03-01,0.1441,0.3598,4.1329,1.2973,6.4167,-0.4962,0.1015,-0.6864,0.263,0.945,0.32,0.1405,0.3428,4.833,0.7765,1.5842,1.1825,4.308,5.2301,2.356,1.8645,15.6738,0.8629,3.9724,0.771,0.0617
2021-03-02,0.1375,0.3324,4.1713000000000005,1.2528000000000001,6.2699,-0.5242,0.0907,-0.6951,0.2643,0.97,0.34,0.148,0.3599,4.7664,0.7684,1.4621,1.1225,4.318,5.0865,2.3689,1.8719999999999999,16.8655,0.8486,4.1098,0.7792,0.0584
2021-03-03,0.1459,0.3869,4.2021,1.3023,6.5291,-0.4651,0.1212,-0.686,0.3135,0.9813,0.4109,0.1508,0.3841,4.894,0.7677,1.416,1.1275,4.288,5.0454,2.3842,1.8824999999999998,16.6719,0.843,3.8696,0.7793,0.07
2021-03-04,0.142,0.3986,4.2752,1.298,6.1613,-0.5126,0.1197,-0.6905,0.2948,0.9775,0.465,0.1786,0.4006,4.8582,0.7785,1.4223,1.135,4.298,4.9868,2.4621,1.944,17.059,0.8611,3.8857,0.7645,0.0692
2021-03-05,0.1401,0.3935,4.3442,1.3394,5.9636,-0.511,0.1237,-0.6935,0.3789,1.0025,0.38,0.1549,0.4065,5.0234,0.8187,1.6322999999999999,1.2425,4.4801,5.1463,2.4316,2.0311,11.9536,0.8498,3.9726,0.759,0.0902
2021-03-08,0.1391,0.3912,4.3069,1.4397,6.3568999999999996,-0.519,0.0977,-0.6881,0.4197,0.985,0.26,0.1736,0.388,5.0961,0.8893,1.6844000000000001,1.2775,4.663,5.1542,2.5175,2.0974,17.5022,0.8549,3.8303000000000003,0.8796,0.0749
2021-03-09,0.1427,0.368,4.2983,1.4307,6.4149,-0.5161,0.1126,-0.6874,0.3921,0.955,0.24,0.1449,0.3957,5.0948,0.9019,1.7029999999999998,1.2225,4.618,5.178,2.4683,2.1262,11.8951,0.8535,4.2638,0.861,0.0623
2021-03-10,0.1496,0.3249,4.2373,1.3402,6.4142,-0.5174,0.1131,-0.7,0.4236,0.9562,0.2655,0.1303,0.392,5.0099,0.8611,1.7279,1.1935,4.59,5.3085,2.4103,2.1532,17.4445,0.8496,4.2758,0.8242,0.0537
2021-03-11,0.1431,0.3599,4.1983,1.2364,6.4724,-0.5234,0.101,-0.6954,0.4446,0.96,0.26,0.1551,0.3852,5.0099,0.8406,1.7255,1.155,4.44,5.3252,2.4502,2.0642,16.2684,0.8453,3.9196,0.763,0.0362
2021-03-12,0.1448,0.3999,4.2592,1.3455,6.6793,-0.5282,0.132,-0.6837,0.4657,1.025,0.315,0.1707,0.3818,4.9856,0.8672,1.7004000000000001,1.2525,4.4238,5.3427,2.5223,2.1599,17.0611,0.8498,4.1319,0.8225,0.0464
2021-03-15,0.142,0.4019,4.2592,1.4027,6.9754000000000005,-0.5306,0.1013,-0.6985,0.3305,1.025,0.275,0.1585,0.3993,4.9302,0.9161,1.7317,1.2525,4.353,5.4979,2.5002,2.2434,17.2852,0.8498,4.1725,0.78,-0.0611
2021-03-16,0.1448,0.4149,4.3744,1.4136,6.9202,-0.5288,0.1179,-0.6946,0.3599,1.055,0.27,0.1472,0.3954,4.7927,0.8655,1.73,1.225,4.303,5.5788,2.549,2.202,11.5792,0.8561,4.1568,0.7744,0.0379
2021-03-17,0.1351,0.3688,4.3586,1.4573,7.9025,-0.508,0.1393,-0.7024,0.3797,1.0614,0.2732,0.1171,0.3871,4.8817,0.8756,1.8114,1.2258,4.4,5.6439,2.5761,2.1748,18.0253,0.8585,3.9062,0.7782,0.0536
2021-03-18,0.1428,0.3769,4.5724,1.6219999999999999,7.216,-0.5115,0.1435,-0.7167,0.4136,1.0575,0.3,0.1539,0.3916,4.848,0.8401,1.8705,1.26,4.435,5.686,2.6470000000000002,2.2201,17.2554,0.8558,3.9263,0.7824,0.0578
2021-03-19,0.1409,0.4313,4.6688,1.6017000000000001,7.0695,-0.5222,0.1363,-0.7176,0.4049,1.07,0.28,0.1462,0.3935,4.7444,0.8223,1.8904,1.2425,4.5214,5.3157,2.6571,2.1801,16.8565,0.8529,3.9228,0.766,0.0615
2021-03-22,0.1445,0.3949,4.6837,1.5993,7.055,-0.5293,0.1312,-0.7183,0.4164,1.055,0.25,0.1319,0.3297,4.7463,0.8286,1.9464000000000001,1.2225,4.518,5.4386,2.6539,2.1643,31.5051,0.8462,3.9912,0.7308,0.056
2021-03-23,0.1432,0.3904,4.8833,1.6385,7.386,-0.52,0.1275,-0.7244,0.4344,1.0325,0.2275,0.1373,0.3045,4.6844,0.8433,2.0009,1.23,4.693,6.2718,2.6803,2.0849,26.0032,0.8482,4.2374,0.6894,0.0454
2021-03-24,0.1436,0.4155,5.2113,1.6843,7.3103,-0.5254,0.1206,-0.7115,0.4419,1.0115,0.2254,0.1394,0.307,4.8341,0.8298,2.0045,1.2208,4.608,6.0096,2.7484,2.0929,23.1281,0.8489,4.7231,0.7534,0.0403
2021-03-25,0.1387,0.3823,5.1258,1.7076,6.9768,-0.5276,0.1358,-0.7096,0.4438,1.0075,0.185,0.1371,0.3056,4.71,0.8286,2.014,1.2075,4.598,5.9515,2.9619,2.1197,17.2573,0.8428,4.2249,0.7585,0.0514
2021-03-26,0.1448,0.3782,4.9627,1.7185000000000001,7.3377,-0.5323,0.1273,-0.7157,0.4511,1.0275,0.1675,0.1708,0.3099,4.7644,0.8446,2.0259,1.23,4.5669,5.7517,2.9833,2.1231,18.0403,0.8453,4.1376,0.7577,0.048
2021-03-29,0.1447,0.3962,5.049,1.655,7.2875,-0.525,0.1326,-0.71,0.451,1.0175,0.22,0.1502,0.3141,4.7469,0.8396,2.0829,1.23,4.455,5.7692,3.1178,2.1064,21.8808,0.8586,4.0305,0.754,0.0422
2021-03-30,0.153,0.3895,5.005,1.7603,7.1828,-0.5174,0.1386,-0.6986,0.4676,1.0425,0.305,0.1497,0.333,4.8268,0.8865,1.9903,1.2974999999999999,4.505,5.7265,3.1891,2.1355,26.5406,0.8559,3.8918,0.7907,0.0434
2021-03-31,0.1597,0.395,4.8898,1.9298,7.4235,-0.5139,0.1216,-0.703,0.464,1.0725,0.335,0.1644,0.3497,4.7929,0.882,1.9870999999999999,1.3900000000000001,4.46,5.6476,3.1433,2.1489,17.841,0.8696,3.7746,0.7893,0.058
2021-04-01,0.166,0.4079,4.8872,1.8902,7.9763,-0.5254,0.116,-0.7069,0.4627,1.07,0.39,0.1461,0.3479,4.7929,0.8774,1.9935,1.38,4.485,5.7716,3.1442,2.0983,17.3736,0.873,3.7746,0.7366,0.0528
2021-04-02,0.1664,0.4057,4.8872,1.8902,7.3956,-0.5203,0.1193,-0.7069,0.4627,1.07,0.39,0.1614,0.3333,4.7929,0.882,2.0058,1.38,4.485,5.758,3.1442,2.096,21.7351,0.873,3.7746,0.7089,0.0543
2021-04-05,0.1626,0.3837,4.8856,1.8018999999999998,7.4758,-0.5183,0.1196,-0.7069,0.47,1.07,0.39,0.1562,0.3347,4.7489,0.9415,2.0094,1.38,4.485,5.7766,3.1734999999999998,2.1069,19.9722,0.873,3.8043,0.7337,0.058
2021-04-06,0.1579,0.4079,4.7233,1.7429000000000001,7.7883,-0.5236,0.1355,-0.697,0.4852,1.07,0.35,0.1399,0.3345,4.6884,0.9204,1.9937,1.385,4.395,5.8768,3.1339,2.1482,13.7215,0.8673,3.7507,0.7304,0.0442
2021-04-07,0.1573,0.3778,4.6,1.6672,7.5062999999999995,-0.5137,0.1237,-0.7078,0.4906,1.06,0.325,0.1505,0.3332,4.8271,0.8728,1.9260000000000002,1.33,4.3629999999999995,5.9962,2.9928,2.0956,14.7318,0.8725,3.6915,0.7386,0.0559
2021-04-08,0.1525,0.3705,4.5812,1.5772,7.1968,-0.5384,0.1184,-0.7095,0.4977,0.9925,0.305,0.1448,0.3532,4.8391,0.8155,1.9213,1.305,4.303,6.1528,2.8523,2.0852,,0.8662,3.5897,0.7283,0.0366
2021-04-09,0.1551,0.4015,4.7174,1.5716,7.4308,-0.4985,0.1304,-0.7106,0.4856,1.025,0.3125,0.1196,0.3226,4.8047,0.8105,1.8904999999999998,1.285,4.338,6.1913,2.9734,2.0851,11.9298,0.8634,3.5897,0.7072,0.0456
2021-04-12,0.1605,0.4122,4.7732,1.5768,7.7101,-0.5225,0.1327,-0.6981,0.4961,1.055,0.33,0.1476,0.3377,4.6997,0.7901,1.8936,1.28,4.3629999999999995,6.2266,2.9935,2.078,14.1874,0.864,3.4951,0.7251,0.0493
2021-04-13,0.1544,0.3788,4.731,1.5406,7.717,-0.524,0.1255,-0.7038,0.4808,1.0238,0.33,0.1405,0.328,4.6997,0.7913,1.9399,1.2384,4.323,6.052,2.9402,2.0726,19.8074,0.8728,3.3878,0.7251,0.0467
2021-04-14,0.1542,0.4479,4.6495,1.4808,7.5255,-0.5265,0.1263,-0.697,0.457,1.0209,0.3507,0.1616,0.3137,4.6821,0.775,1.9577,1.1882,4.263,5.8673,2.7957,2.099,19.1468,0.8565,3.3307,0.7251,0.0539
2021-04-15,0.1566,0.3704,4.6087,1.4662,7.3772,-0.5326,0.1152,-0.6987,0.4504,1.0,0.3325,0.1451,0.3244,4.8179,0.8131,1.9614,1.16,4.1687,5.8268,2.7704,2.0008,18.7546,0.8503,3.3283,0.7251,0.0563
2021-04-16,0.1646,0.39,4.6317,1.4199,7.2927,-0.5195,0.1236,-0.7032,0.4838,0.98,0.34,0.1736,0.3259,4.793,0.8511,1.9664000000000001,1.16,4.0863,5.7104,2.7885,1.9945,17.8972,0.8499,3.5335,0.6791,0.0516
2021-04-19,0.1631,0.398,4.6373,1.5003,7.1566,-0.5121,0.1189,-0.6963,0.5172,0.97,0.3625,0.1617,0.3192,4.6982,0.8498,1.9617,1.1375,4.135,5.7123,2.811,2.0092,17.5238,0.86,3.6827,0.6473,0.0646
2021-04-20,0.1631,0.3709,4.7354,1.5537999999999998,7.3739,-0.5126,0.1165,-0.6995,0.5295,0.97,0.395,0.1405,0.3287,4.6467,0.8664,1.927,1.13,4.15,5.8246,2.8414,2.0293,15.909,0.8642,3.4923,0.6657,0.0656
2021-04-21,0.1603,0.3589,4.7496,1.5932,7.3674,-0.5179,0.1239,-0.7089,0.521,1.0975,0.38,0.1455,0.3453,4.6467,0.845,1.9073,1.15,4.095,5.8115,2.8583,2.0193,16.2291,0.8615,3.7531,0.62,0.0648
2021-04-22,0.16,0.3591,4.8068,1.6095000000000002,7.1395,-0.5192,0.1209,-0.7078,0.529,1.165,0.395,0.1479,0.3189,4.5728,0.8342,1.8693,1.165,4.065,5.752,2.8822,2.0203,16.8654,0.8525,3.3735,0.6163,0.053
2021-04-23,0.1622,0.3898,4.7345,1.5895000000000001,7.2148,-0.5136,0.119,-0.7092,0.5189,1.15,0.385,0.2097,0.3201,4.666,0.8395,2.0209,1.1724999999999999,4.065,5.3645,2.8031,2.0101,13.7196,0.8566,3.3404,0.642,0.0601
2021-04-26,0.1627,0.3643,4.6616,1.6278000000000001,7.0843,-0.5051,0.1324,-0.7086,0.525,1.165,0.4,0.1482,0.3388,4.6361,0.8413,2.004,1.165,4.035,5.1399,2.8395,2.0472,17.065,0.8614,3.7601,0.6404,0.0612
2021-04-27,0.1751,0.3825,4.7475000000000005,1.6832,7.2021,-0.506,0.1392,-0.7069,0.5221,1.1575,0.4,0.1528,0.3363,4.6368,0.8425,1.9518,1.17,4.035,6.0449,2.9723,2.0601,16.1613,0.8644,3.6722,0.6826,0.0669
2021-04-28,0.1648,0.375,4.7605,1.6602000000000001,7.1875,-0.5495,0.1306,-0.6962,0.5348,1.17,0.41,0.1404,0.3344,4.7029,0.8653,1.8525,1.1775,4.115,6.0606,3.0484,2.0498,16.5434,0.859,3.3753,0.6751,0.0607
2021-04-29,0.1638,0.3771,4.8091,1.5892,7.1093,-0.5139,0.1416,-0.6969,0.5392,1.185,0.46,0.1433,0.3271,4.7268,0.8756,1.8481,1.2075,4.185,6.0927,3.031,2.0505,15.0807,0.8603,3.3134,0.6602,0.07
2021-04-30,0.1725,0.3661,4.8578,1.5863,7.3324,-0.5234,0.1529,-0.6977,0.5357,1.205,0.475,0.1542,0.333,4.6363,0.8829,1.8481,1.2075,4.225,6.1714,2.9042,2.0744,17.4194,0.8603,3.5361000000000002,0.6623,0.0759
2021-05-03,0.1816,0.3828,4.8651,1.5748,7.4582,-0.5091,0.151,-0.6993,0.5529,1.205,0.475,0.1485,0.318,4.5925,0.8654,1.8481,1.2075,4.215,6.1799,3.1557,2.0819,15.4681,0.8546,3.623,0.6563,0.0736
2021-05-04,0.172,0.385,4.9031,1.5598999999999998,7.6784,-0.5293,0.1443,-0.7092,0.5481,1.1675,0.415,0.1423,0.3232,4.6663,0.8835,1.8537,1.2075,4.245,6.1616,3.2843999999999998,2.0749,15.9082,0.8526,3.6546,0.6563,0.0666
2021-05-05,0.1611,0.4092,4.8347,1.5545,8.4848,-0.5194,0.1567,-0.7152,0.5615,1.1814,0.4184,0.1285,0.36,4.5987,0.8835,1.8514,1.2134,4.265,6.1272,3.2476,2.0329,14.4901,0.8538,3.526,0.6372,0.0685
2021-05-06,0.1681,0.3594,4.7599,1.4999,7.6556,-0.5208,0.1483,-0.7141,0.5556,1.25,0.425,0.1333,0.3684,4.5288,0.8706,1.7991000000000001,1.2075,4.24,6.0979,3.2121,2.0604,15.8432,0.8436,3.3089,0.6449,0.0741
2021-05-07,0.1587,0.3443,4.7499,1.5221,7.7531,-0.514,0.139,-0.7227,0.5455,1.35,0.425,0.1464,0.3879,4.5062999999999995,0.8989,1.7322,1.19,4.1888,6.0258,3.224,2.0535,15.1446,0.8592,3.2717,0.6672,0.0649
2021-05-10,0.161,0.4152,4.7858,1.5114,7.805,-0.5109,0.1386,-0.7075,0.5639,1.375,0.475,0.1272,0.3797,4.5341000000000005,0.9061,1.6468,1.18,4.135,6.0489,3.2971,2.0511,15.6915,0.8608,3.1978,0.6681,0.0748
2021-05-11,0.1624,0.3944,4.8986,1.5513,7.7364,-0.4951,0.1505,-0.6936,0.5827,1.4375,0.51,0.1382,0.3826,4.5023,0.9122,1.7356,1.245,4.195,6.1176,3.3117,2.0277,15.7022,0.8689,3.2041,0.6869,0.0846
2021-05-12,0.1675,0.3978,5.058,1.6276000000000002,7.8099,-0.5097,0.1606,-0.6986,0.5958,1.4686,0.52,0.1414,0.4052,4.5768,0.9065,1.7467000000000001,1.2884,4.275,6.1901,3.3289,2.0374,16.1652,0.8631,3.1561,0.6741,0.076
2021-05-13,0.1669,0.3628,5.085,1.6625,7.8317,-0.5137,0.1702,-0.7014,0.5996,1.435,0.645,0.1209,0.3894,4.5768,0.9366,1.7934,1.35,4.305,6.2376,3.2627,2.0369,13.5158,0.863,3.1561,0.6586,0.0785
2021-05-14,0.1624,0.3733,5.0622,1.8556,7.9163,-0.4886,0.1695,-0.699,0.6055,1.465,0.7325,0.0976,0.3913,4.6349,0.9015,1.8714,1.345,4.3468,6.1833,3.2843999999999998,2.0369,13.5158,0.8604,3.2181,0.6548,0.0904
2021-05-17,0.1648,0.3597,5.1209,1.9340000000000002,8.199,-0.5131,0.1565,-0.7064,0.6012,1.495,0.81,0.1144,0.4187,4.6528,0.8915,1.9234,1.465,4.385,6.2523,3.2885,2.031,16.9436,0.8471,3.3704,0.692,0.0832
2021-05-18,0.1648,0.3642,5.1869,1.8561999999999999,8.1063,-0.5016,0.1687,-0.7079,0.6005,1.4975,0.815,0.1459,0.4386,4.6301,0.8911,2.0255,1.4125,4.365,6.1983,3.2912,2.0123,13.0385,0.8519,3.4379,0.6985,0.081
2021-05-19,0.1692,0.3808,5.3711,1.889,8.0045,-0.5209,0.1374,-0.6948,0.6028,1.4910999999999999,0.8062,0.1353,0.4081,4.5862,0.8911,2.0414,1.4058,4.42,6.2635,3.3646,2.0169,13.1914,0.8462,3.2229,0.6959,0.0762
2021-05-20,0.1587,0.3823,5.3967,1.9141,8.5229,-0.5014,0.1505,-0.6987,0.6064,1.495,0.81,0.1328,0.4006,4.6064,0.9197,2.0503,1.425,4.395,6.2507,3.6431,2.0198,15.9155,0.8459,3.1986,0.7231,0.0811
2021-05-21,0.1636,0.3713,5.315,1.9466999999999999,8.3272,-0.508,0.1507,-0.7061,0.6117,1.4375,0.79,0.1286,0.3738,4.6,0.9085,2.042,1.435,4.4067,6.3652,3.7622999999999998,1.9729999999999999,16.5964,0.8579,3.3723,0.6752,0.0669
2021-05-24,0.1639,0.3745,5.3151,1.9419,8.516,-0.5045,0.1552,-0.6995,0.6117,1.415,0.76,0.1231,0.4004,4.6337,0.9497,2.0523,1.435,4.435,6.2658,3.8278,1.9755,16.1723,0.8486,3.2298,0.6925,0.0742
2021-05-25,0.1534,0.3772,5.2549,1.9405999999999999,7.9794,-0.5155,0.1491,-0.7065,0.6039,1.415,0.715,0.1625,0.4059,4.5938,0.9753,2.0019,1.41,4.412,6.2227,3.7248,1.9803,17.0366,0.8633,2.9819,0.6781,0.0661
2021-05-26,0.1518,0.4007,5.211,1.9554,7.8179,-0.511,0.1421,-0.7032,0.6354,1.4062000000000001,0.701,0.1299,0.4332,4.5938,1.0138,2.0519,1.4031,4.432,6.2636,3.622,1.9788000000000001,16.8071,0.8482,3.1474,0.6801,0.0514
2021-05-27,0.1629,0.4229,5.1389,1.9573,7.8839,-0.4962,0.1715,-0.707,0.665,1.395,0.705,0.1909,0.4381,4.549,0.9329,2.0291,1.4675,4.427,6.3117,3.6215,1.9635,14.6872,0.8496,3.1391999999999998,0.6711,0.0686
2021-05-28,0.1641,0.3849,5.0865,1.9804,7.8743,-0.5006,0.1803,-0.7184,0.6777,1.3775,0.69,0.1682,0.4283,4.6530000000000005,1.0155,2.0308,1.4525000000000001,4.4486,6.3029,3.4981,1.9727999999999999,17.1794,0.8497,3.2166,0.7115,0.082
2021-05-31,0.1591,0.3678,5.0766,1.9799,8.1975,-0.5006,0.1817,-0.7185,0.6698,1.3675,0.69,0.147,0.4327,4.6077,1.0707,2.0353,1.4525000000000001,4.417,6.3123000000000005,3.5092,1.9525000000000001,18.0867,0.8505,3.0999,0.6935,0.0727
2021-06-01,0.1757,0.3955,5.1054,2.041,7.7022,-0.5077,0.1868,-0.7083,0.6826,1.385,0.7184,0.1718,0.422,4.6461,1.0337,2.0353,1.4525000000000001,4.427,6.2616,3.4853,1.9484,15.9827,0.8476,2.9271000000000003,0.7066,0.0841
2021-06-02,0.1652,0.4015,5.1443,2.0272,7.7068,-0.5014,0.1907,-0.7096,0.6877,1.4162,0.7225,0.1176,0.4187,4.6799,1.0245,2.0081,1.4741,4.447,6.1778,3.3864,1.8988,16.1897,0.8494,2.7509,0.6851,0.0861
2021-06-03,0.1646,0.3868,5.2621,2.1454,7.8793,-0.5098,0.1998,-0.7086,0.6974,1.4275,0.7225,0.1216,0.411,4.5873,1.0261,2.0191,1.4575,4.437,6.1843,3.4121,1.8773,16.976,0.841,3.0168,0.6851,0.0948
2021-06-04,0.1598,0.4008,5.1465,2.1411,8.2888,-0.5087,0.1982,-0.7054,0.7088,1.435,0.7125,0.1386,0.3757,4.6446,1.0121,2.0181,1.48,4.4184,6.1279,3.4493,1.8961000000000001,16.7734,0.8462,2.8961,0.7001,0.075
2021-06-07,0.1631,0.4009,5.1079,2.2511,8.3481,-0.5009,0.1949,-0.7155,0.7154,1.44,0.755,0.1491,0.4155,4.6190999999999995,1.0484,2.0327,1.47,4.367,6.1179,3.529,1.8949,16.109,0.8453,3.1117,0.6866,0.0937
2021-06-08,0.1626,0.3981,5.0873,2.2294,8.1327,-0.5064,0.1881,-0.7093,0.7235,1.425,0.765,0.1292,0.4145,4.5663,1.0673,2.0142,1.445,4.337,6.1796,3.4165,1.8822999999999999,14.307,0.8428,2.894,0.6753,0.0768
2021-06-09,0.16,0.3675,5.2584,2.448,8.6391,-0.5069,0.1806,-0.7127,0.7373,1.4087,0.8009,0.0672,0.3868,4.5691,1.0601,2.0226,1.5032999999999999,4.337,6.1707,3.348,1.8782,15.7963,0.834,3.0641,0.6644,0.0779
2021-06-10,0.1605,0.3619,5.2407,2.543,9.0248,-0.517,0.1901,-0.7036,0.7487,1.4,0.7225,0.137,0.3762,4.585,1.0897000000000001,2.0193,1.5074999999999998,4.337,6.0042,3.4208,1.859,11.3045,0.8299,2.9746,0.6805,0.0668
2021-06-11,0.1634,0.3769,5.2725,2.6136,8.1678,-0.5184,0.1815,-0.7082,0.7506,1.35,0.595,0.15,0.373,4.6129999999999995,1.1197,2.0862,1.5025,4.3081,5.2274,3.4416,1.8641999999999999,14.785,0.8364,2.9987,0.6225,0.0675
2021-06-14,0.1752,0.3823,5.2693,2.662,8.8839,-0.5039,0.1935,-0.708,0.7672,1.3325,0.6325,0.1472,0.3842,4.6049,1.1626,2.0958,1.545,4.337,5.2564,3.4434,1.8707,15.4823,0.8364,2.9054,0.6659,0.0573
2021-06-15,0.1739,0.3826,5.3193,2.6988,7.9725,-0.4978,0.1965,-0.7077,0.7753,1.345,0.665,0.135,0.3769,4.6835,1.2729,2.1108,1.5925,4.407,5.3405000000000005,3.5563000000000002,1.9087,15.31,0.8386,2.8289,0.6791,0.0617
2021-06-16,0.1836,0.4135,5.4135,2.6269,9.3006,-0.4997,0.1928,-0.7021,0.7786,1.3935,0.6959,0.1584,0.4207,4.7553,1.2169,2.325,1.6008,4.407,6.4698,3.5879,1.9402,15.6196,0.8498,2.8358,0.6942,0.0616
2021-06-17,0.1931,0.4595,5.5483,2.664,8.0288,-0.508,0.2366,-0.6905,0.8553,1.405,0.75,0.1776,0.4889,4.8334,1.2115,2.4688,1.6225,4.567,6.4288,3.7984,1.9907,17.421,0.8603,2.692,0.7658,0.0873
2021-06-18,0.171,0.51,5.7086,2.6085000000000003,8.1425,-0.5031,0.2653,-0.696,0.8568,1.4224999999999999,0.775,0.2184,0.5516,4.8835,1.1783,2.5071,1.72,4.5993,6.3311,3.798,1.9919,16.2568,0.8592,2.8721,0.7393,0.0834
2021-06-21,0.1808,0.5085,5.7368,2.6085000000000003,8.3738,-0.4889,0.2523,-0.6768,0.8783,1.4325,0.82,0.1986,0.6017,4.9066,1.2293,2.5071,1.73,4.668,6.3519,3.8924,1.958,15.9766,0.891,2.8249,0.7579,0.0977
2021-06-22,0.1757,0.5148,5.6771,2.6421,8.5465,-0.4809,0.2542,-0.6776,0.9014,1.425,0.8625,0.1858,0.6038,4.8609,1.197,2.5045,1.69,4.638,6.3822,3.9029,1.9866000000000001,15.9081,0.8889,2.984,0.7474,0.1156
2021-06-23,0.1848,0.5336,5.7427,2.6851000000000003,8.5101,-0.4787,0.2479,-0.6827,0.9149,1.5786,0.8511,0.1919,0.5719,4.8997,1.1985999999999999,2.5063,1.9859,4.5280000000000005,6.374,3.9772,2.0105,15.5789,0.8852,2.907,0.7027,0.1349
2021-06-24,0.1925,0.5536,6.405,2.7473,8.6257,-0.4656,0.2247,-0.6852,0.921,1.43,0.895,0.1935,0.5935,4.9317,1.2312,2.4948,1.98,4.477,6.3527000000000005,4.1072,2.0121,15.8982,0.8934,2.8274,0.7259,0.1124
2021-06-25,0.1844,0.5871,6.4993,2.9227,8.0152,-0.4857,0.2418,-0.685,0.9429,1.665,0.98,0.1767,0.6733,5.03,1.3326,2.4949,1.9925000000000002,4.639,6.3099,4.2357,2.0381,16.5686,0.8915,2.8148,0.7221,0.1329
2021-06-28,0.1874,0.5629,6.3487,2.9068,8.1446,-0.4557,0.243,-0.6749,0.9392,1.6825,0.975,0.2107,0.6872,5.0883,1.3623,2.5217,2.01,4.607,6.4472,4.3443,2.0124,16.3617,0.8884,2.8808,0.71,0.1294
2021-06-29,0.1811,0.6227,6.2943999999999996,2.9514,7.7118,-0.4803,0.2245,-0.6789,0.9419,1.685,0.925,0.1837,0.6867,5.023,1.3106,2.5337,2.01,4.767,6.5208,4.1625,2.0086,15.8567,0.8824,2.8982,0.7159,0.1368
2021-06-30,0.185,0.6188,6.2087,2.9507,8.108,-0.4891,0.2215,-0.6829,0.9344,1.6561,0.7711,0.2028,0.6852,4.9894,1.3008,2.5288,1.9784000000000002,4.728,6.539,4.3126,1.9985,15.114,0.8849,2.8937,0.7096,0.1329
2021-07-01,0.2109,0.619,6.3107,2.9183,8.1104,-0.4995,0.2272,-0.6833,0.9294,1.655,0.8,0.2093,0.6952,4.9816,1.3096,2.5118,2.025,4.798,6.5058,4.3763,1.9553,16.5381,0.875,2.9252000000000002,0.7249,0.0923
2021-07-02,0.1749,0.6384,6.2699,2.9901,7.8317,-0.5011,0.1952,-0.6854,0.935,1.7,0.835,0.1835,0.7206,4.9864,1.3202,2.496,2.035,4.8549,6.5032,4.4222,1.9471,16.8429,0.8792,2.8363,0.7101,0.0763
2021-07-05,0.1781,0.6392,6.2788,3.0431,8.1659,-0.4994,0.1913,-0.6922,0.9369,1.7,0.885,0.1865,0.7217,5.0365,1.2889,2.4961,2.0825,4.883,6.5475,4.4755,1.8994,17.6742,0.8696,2.7944,0.6886,0.0811
2021-07-06,0.1662,0.6758,6.4618,3.0548,8.3658,-0.5009,0.1903,-0.6905,0.9348,1.7,0.865,0.1967,0.8095,5.0577,1.2912,2.5,2.09,4.948,6.5326,4.3557,1.9453,17.966,0.8652,2.7602,0.7046,0.0717
2021-07-07,0.1644,0.6683,6.4511,3.0153,8.161,-0.4969,0.1874,-0.7112,0.9254,1.6585,0.8413,0.2256,0.857,4.9807,1.2392,2.4992,2.0708,4.908,6.5572,4.422,1.9057,18.1343,0.851,2.6357,0.6759,0.0605
2021-07-08,0.162,0.5874,6.3121,2.8724,8.3652,-0.5027,0.2082,-0.7124,0.8567,1.645,0.785,0.22,0.8075,4.9253,1.197,2.5272,2.14,4.818,6.5159,4.4635,1.9129,17.9072,0.8517,2.7374,0.681,0.0639
2021-07-09,0.1701,0.5658,6.1471,2.7144,8.3255,-0.4907,0.2278,-0.7006,0.8858,1.6800000000000002,0.755,0.1939,0.8088,4.9148,1.1945999999999999,2.5779,2.125,4.8201,6.375,4.3384,1.911,17.735,0.844,2.7229,0.7009,0.0696
2021-07-12,0.1788,0.5945,6.0495,2.6151999999999997,8.4493,-0.521,0.2082,-0.7216,0.8559,1.6375,0.66,0.1851,0.8,4.9573,1.2186,2.5815,2.045,4.838,6.3253,4.3107,1.9245,17.907,0.8479,2.6794000000000002,0.702,0.0679
2021-07-13,0.1935,0.6412,6.0998,2.6505,8.4028,-0.4969,0.2184,-0.7209,0.8393,1.67,0.6025,0.2011,0.8492,4.8627,1.237,2.628,2.0875,4.908,6.2866,4.3767,1.9329,17.7034,0.8469,2.6087,0.6926,0.0729
2021-07-14,0.1778,0.553,6.0244,2.7069,8.0486,-0.4917,0.2152,-0.7208,0.8552,1.7404,0.6536,0.2166,1.0638,4.8524,1.2049,2.6221,2.0959,4.938,6.2343,4.2872,1.9205,18.2142,0.8487,2.8091,0.7239,0.0809
2021-07-15,0.1693,0.5319,5.9596,2.6576,8.3071,-0.4767,0.2848,-0.7157,0.8334,1.73,0.6325,0.2288,1.0268,4.9163,1.3181,2.6252,2.135,4.858,6.231,4.2596,1.8841999999999999,18.0018,0.847,2.8087,0.6913,0.0759
2021-07-16,0.1741,0.5332,5.9571,2.6529,8.1277,-0.4808,0.2612,-0.7155,0.8361,1.79,0.6025,0.2303,1.0901,4.8867,1.3094000000000001,2.6184,2.135,4.8201,6.177,4.271,1.9081000000000001,17.9527,0.849,2.9093,0.7001,0.074
2021-07-19,0.1675,0.4914,5.8855,2.6014,8.0232,-0.5036,0.2508,-0.732,0.7843,1.6600000000000001,0.385,0.2058,1.0015,4.8517,1.306,2.6156,2.1025,4.7379999999999995,6.1869,4.1225,1.9038,17.9995,0.841,3.0561,0.6869,0.0589
2021-07-20,0.1598,0.5361,5.8557,2.6123,8.0383,-0.5035,0.2668,-0.7489,0.6642,1.545,0.405,0.1958,0.9933,4.7972,1.2583,2.6127000000000002,1.9575,4.657,5.92,4.1799,1.9043999999999999,17.8596,0.8374,3.0561,0.6299,0.0478
2021-07-21,0.1664,0.5366,5.9115,2.721,8.0133,-0.4981,0.2739,-0.7327,0.696,1.5324,0.4756,0.1984,1.0352,4.7972,1.2384,2.6076,1.9181,4.727,5.8126,4.2163,1.8954,17.8596,0.8462,2.8862,0.6492,0.0508
2021-07-22,0.1604,0.5533,5.9706,2.553,8.0795,-0.519,0.2519,-0.7343,0.7117,1.5350000000000001,0.495,0.2043,1.0556,4.8194,1.2422,2.6071,1.8875,4.657,5.7031,4.1942,1.8923999999999999,17.8596,0.8348,2.84,0.6655,0.0522
2021-07-23,0.1587,0.5323,6.0484,2.5722,8.2779,-0.5102,0.251,-0.7301,0.723,1.58,0.4875,0.19,1.0327,4.7998,1.2493,2.6035,1.8824999999999998,4.5485,5.4728,4.148,1.8952,17.8596,0.8365,2.8584,0.6467,0.0551
2021-07-26,0.164,0.5349,6.0878,2.6223,8.4568,-0.5166,0.2454,-0.7253,0.6985,1.5375,0.465,0.196,1.0179,4.7976,1.2553,2.6007,1.87,4.467,5.0151,4.0763,1.8935,17.9665,0.8247,2.7569,0.6314,0.0599
2021-07-27,0.155,0.5158,6.0263,2.6616999999999997,8.5062,-0.5073,0.2485,-0.7231,0.6885,1.53,0.47,0.1872,1.0238,4.8508,1.2497,2.5986000000000002,2.1025,4.507,6.2724,4.1272,1.9024999999999999,17.6802,0.8331,2.8306,0.6074,0.0546
2021-07-28,0.1586,0.5385,5.9822,2.7231,8.5092,-0.5287,0.2582,-0.7102,0.7006,1.65,0.5,0.1873,0.992,4.8314,1.2866,2.4577999999999998,1.995,4.537,6.3743,4.0963,1.8951,17.7673,0.8251,2.8978,0.6074,0.0369
2021-07-29,0.1506,0.5262,5.8789,2.7877,8.4457,-0.5219,0.2564,-0.7176,0.7091,1.755,0.63,0.1747,1.019,4.8448,1.3014999999999999,2.4459,2.035,4.507,6.2835,4.0046,1.8901,17.0447,0.8356,2.8334,0.6062,0.0624
2021-07-30,0.1423,0.5382,5.8506,2.7467,8.5923,-0.5159,0.2493,-0.7177,0.7175,1.755,0.69,0.1723,1.0123,4.802,1.2726,2.4561,2.115,4.497,6.2249,4.0118,1.9181,16.8902,0.8363,2.9415,0.6096,0.0574
2021-08-02,0.1682,0.5416,5.8012,2.797,8.7872,-0.5292,0.2411,-0.7281,0.716,1.7650000000000001,0.71,0.1667,1.0091,4.8302,1.2865,2.408,2.1525,4.412,6.4092,4.0376,1.9207,16.8703,0.8395,2.9231,0.6028,0.0303
2021-08-03,0.1353,0.5324,5.7579,2.8503,8.7517,-0.5408,0.2503,-0.7252,0.7212,1.755,0.69,0.177,1.0753,4.8509,1.2961,2.4076,2.1525,4.467,6.4686,4.1227,1.9140000000000001,16.444,0.8305,3.0098,0.6068,0.0474
2021-08-04,0.137,0.5697,5.8473,2.9039,9.8445,-0.5183,0.2591,-0.7255,0.7131,1.7376,0.7507,0.1887,1.2141,4.8039,1.2770000000000001,2.3156,2.2105,4.497,6.5048,4.2121,1.923,16.4637,0.8349,2.9514,0.5212,0.0399
2021-08-05,0.1537,0.5795,5.8817,2.952,9.499,-0.5213,0.301,-0.727,0.7192,1.7075,0.875,0.2032,1.2328999999999999,4.8118,1.2792,2.2963,2.21,4.537,6.5272,4.2664,1.9076,17.5299,0.83,3.114,0.5293,0.0528
2021-08-06,0.1588,0.6036,6.012,3.1868,9.3688,-0.5232,0.3459,-0.7202,0.7413,1.62,0.905,0.2012,1.1991,4.9706,1.2938,2.3296,2.27,4.6036,6.475,4.2923,1.9836,18.1947,0.8335,2.8679,0.543,0.0474
2021-08-09,0.1657,0.5989,5.9397,3.1061,9.1648,-0.5199,0.3479,-0.72,0.7471,1.96,0.9725,0.2094,1.2507,4.9769,1.2783,2.8201,2.255,4.602,6.5333,4.4156,1.9948000000000001,17.9295,0.8332,2.8544,0.5501,0.0665
2021-08-10,0.1778,0.6134,5.9794,3.0227,9.1499,-0.5166,0.3732,-0.7116,0.7558,2.07,1.01,0.2056,1.2894,4.9735,1.2606,2.894,2.1925,4.665,6.5968,4.3289,1.9952999999999999,17.1229,0.8342,2.9192,0.5469,0.0632
2021-08-11,0.1717,0.5976,5.9726,3.0756,9.6205,-0.5357,0.3493,-0.7267,0.7876,2.1026,0.9493,0.2036,1.2696,4.9435,1.248,2.8736,2.1805,4.735,6.6327,4.3379,2.0189,17.5002,0.8354,2.9148,0.5463,0.0859
2021-08-12,0.1734,0.5912,5.8394,3.0865,9.1396,-0.497,0.3524,-0.7266,0.8109,2.115,0.94,0.1962,1.3587,4.9119,1.233,2.9159,2.16,4.735,6.6008,4.3317,2.021,16.291,0.8355,2.9459,0.5335,0.0849
2021-08-13,0.1675,0.5577,5.667,3.0933,9.2664,-0.5387,0.3485,-0.7125,0.8375,2.09,0.915,0.1948,1.2603,4.9577,1.2178,2.9063,2.1475,4.7466,6.5592,4.3493,1.9939,15.6742,0.8377,2.879,0.5611,0.0993
2021-08-16,0.1706,0.5547,5.7167,3.0824,9.3936,-0.4751,0.361,-0.7214,0.8187,2.085,0.86,0.1772,1.2823,4.9346,1.2109,2.9062,2.135,4.705,6.3976,4.2613,1.9655,15.1587,0.8307,2.898,0.5128,0.1016
2021-08-17,0.1723,0.5494,5.7292,3.0304,9.5729,-0.5152,0.3616,-0.7257,0.7738,2.07,0.87,0.1697,1.116,4.8806,1.185,2.9096,2.13,4.665,6.3925,4.3477,1.9477,15.6846,0.8282,2.8476,0.5369,0.0939
2021-08-18,0.1687,0.5674,5.6949,3.1012,9.2013,-0.5133,0.3508,-0.7219,0.7396,2.0801,0.8908,0.169,1.1916,4.8547,1.1804999999999999,2.9036999999999997,2.155,4.605,6.4002,4.3528,1.942,16.1844,0.8303,2.8286,0.5252,0.0919
2021-08-19,0.178,0.5904,5.6959,3.2069,9.1634,-0.5167,0.34,-0.7248,0.7012,2.0725,0.8725,0.1514,1.1145,4.8547,1.1269,2.9062,2.1475,4.615,6.4091000000000005,4.3507,1.9656,16.1116,0.8257,2.8289999999999997,0.5282,0.0734
2021-08-20,0.1791,0.5479,5.6616,3.3088,8.8039,-0.4796,0.324,-0.7172,0.6773,2.06,0.865,0.1487,1.1752,4.8077,1.1584,2.8609,2.1475,4.5915,6.4345,4.3404,1.9644,13.6347,0.8251,2.8743,0.5302,0.0835
2021-08-23,0.1803,0.5652,5.6343,3.2632,9.3971,-0.5247,0.3545,-0.7158,0.669,2.0625,0.9,0.1682,1.2691,4.8811,1.1611,2.8834,2.165,4.525,6.4109,4.3437,1.9839,15.280100000000001,0.8238,2.8929,0.5486,0.0698
2021-08-24,0.1815,0.5793,5.72,3.2578,8.9585,-0.528,0.3471,-0.7182,0.6823,2.05,0.89,0.1791,1.2563,4.9146,1.1893,2.8834999999999997,2.25,4.495,6.3895,4.317,1.9994,15.6427,0.8323,2.8612,0.5276,0.0615
2021-08-25,0.1822,0.5935,5.8213,3.2477,9.2441,-0.5212,0.3705,-0.7171,0.7351,2.0525,0.9085,0.193,1.2570999999999999,4.8607,1.2053,2.8833,2.2656,4.5,6.4049,4.2604,2.0115,15.545,0.8359,3.004,0.5781,0.0876
2021-08-26,0.1835,0.5986,5.7323,3.2697,9.7309,-0.5177,0.373,-0.7108,0.7604,2.0475,0.9225,0.1958,1.2684,4.8305,1.2826,2.9394,2.2325,4.545,6.5167,4.2583,2.0227,15.4185,0.8413,3.0003,0.5713,0.0912
2021-08-27,0.1695,0.5816,5.6768,3.2828,9.316,-0.5286,0.3624,-0.7117,0.7433,2.0125,0.93,0.1895,1.2879,4.8351,1.2907,2.9361,2.2325,4.5049,6.4876,4.1367,2.0245,15.2812,0.8375,2.9273,0.5816,0.0913
2021-08-30,0.1781,0.5406,5.7198,3.3145,9.1643,-0.5096,0.3654,-0.7028,0.7442,2.0025,0.92,0.1785,1.2609,4.8091,1.2783,2.8396,2.2425,4.483,6.4754,4.1334,2.0101,15.2585,0.8113,2.9273,0.5768,0.0878
2021-08-31,0.1759,0.5454,5.7424,3.3802,9.2354,-0.5339,0.379,-0.7034,0.7539,2.005,0.9725,0.1897,1.3102,4.8541,1.2836,2.8411,2.2125,4.523,6.4477,4.0548,2.0084,14.9517,0.8123,2.8855,0.5805,0.0915
2021-09-01,0.1987,0.5526,5.7644,4.7346,9.9404,-0.494,0.3724,-0.7203,0.7586,2.0375,1.035,0.1963,1.2965,4.8624,1.2901,2.8364000000000003,2.2575,4.543,6.4995,4.1005,1.9909,14.1613,0.8236,2.9227,0.5981,0.0924
2021-09-02,0.1734,0.5478,5.7901,4.7788,9.873,-0.5044,0.3625,-0.7225,0.7415,2.05,1.11,0.1955,1.3393,4.8123000000000005,1.3096999999999999,3.0264,2.2425,4.573,6.5379000000000005,4.362,1.9933999999999998,13.349,0.824,2.9741,0.6252,0.0822
2021-09-03,0.1733,0.5296,5.7946,4.8863,9.4046,-0.5075,0.3581,-0.715,0.7334,2.05,1.15,0.1961,1.3573,4.7867,1.3332,3.0248,2.245,4.603,6.4725,4.4161,1.9586999999999999,13.1479,0.829,2.9265,0.571,0.0915
2021-09-06,0.1695,0.5331,5.7954,4.1806,9.700099999999999,-0.5002,0.3488,-0.7236,0.7439,2.025,1.06,0.2018,1.3813,4.7829,1.3785,3.0718,2.2425,4.623,6.4905,4.4777000000000005,1.9596,10.0491,0.8263,2.947,0.5795,0.0881
2021-09-07,0.1817,0.523,5.8209,4.1503,9.3637,-0.4743,0.345,-0.7154,0.727,2.065,1.065,0.1907,1.4219,4.8463,1.3862,3.0726,2.2475,4.603,6.548,4.4602,1.9762,11.9666,0.8356,2.9408,0.5698,0.0976
2021-09-08,0.1777,0.5018,5.8024000000000004,4.2438,9.9124,-0.4871,0.3881,-0.7051,0.7103,2.1175,1.07,0.1962,1.4251,4.8629,1.4167,3.0571,2.2625,4.628,6.5280000000000005,4.5469,1.9826000000000001,13.6622,0.8381,2.9743,0.5934,0.0916
2021-09-09,0.1789,0.5279,5.7648,4.3769,10.0168,-0.5117,0.4046,-0.7061,0.6928,2.13,0.95,0.2055,1.4285999999999999,4.8517,1.4461,3.0681,2.3175,4.628,6.4711,4.7991,1.9734,13.224,0.8351,3.0024,0.5575,0.1068
2021-09-10,0.1837,0.5536,5.7721,4.2817,9.8639,-0.4693,0.4127,-0.7059,0.6946,2.37,0.92,0.1769,1.4266,4.84,1.404,2.81,2.3225,4.628,5.6726,4.6559,1.9670999999999998,12.8248,0.8354,3.0321,0.5649,0.1084
2021-09-13,0.1835,0.5466,5.7635,4.2427,9.6402,-0.4927,0.4062,-0.6978,0.5715,2.39,0.96,0.1948,1.4007,4.8487,1.3939,2.806,2.335,4.635,5.6583,4.602,1.9738,12.5142,0.8379,3.0237,0.5617,0.0721
2021-09-14,0.1857,0.5395,5.7519,4.1453,9.7123,-0.4879,0.4281,-0.6963,0.733,2.415,0.9725,0.1644,1.4502,4.9163,1.4193,2.809,2.3725,4.635,6.6046,4.5542,2.0163,12.6838,0.8458,3.215,0.5551,0.1161
2021-09-15,0.171,0.5654,5.7766,4.1084,10.1281,-0.4731,0.4374,-0.6849,0.7668,2.4699999999999998,0.98,0.1546,1.4777,4.8329,1.3218,2.7963,2.5725,4.645,6.5734,4.5574,2.0107,12.4497,0.8491,3.1794000000000002,0.5638,0.121
2021-09-16,0.1853,0.5739,5.7836,4.1471,9.855,-0.4711,0.4602,-0.6744,0.7933,2.4275,1.045,0.1681,1.5453999999999999,4.8151,1.3580999999999999,2.7944,2.61,4.715,6.6268,4.659,2.0122,12.2511,0.8451,3.1828,0.5902,0.129
2021-09-17,0.1882,0.6208,5.865,4.1813,9.7163,-0.4769,0.4644,-0.6747,0.82,2.4125,1.13,0.1747,1.5069,4.833,1.3543,2.6854,2.6,4.765,6.6295,4.6726,2.0439,10.1799,0.8433,3.2191,0.6092,0.144
2021-09-20,0.1811,0.6152,5.8696,4.098,9.6605,-0.4664,0.434,-0.6856,0.8018,2.3375,1.0125,0.163,1.4453,4.8281,1.3543,2.773,2.59,4.765,6.8003,4.7022,2.0442,10.2448,0.8433,3.2356,0.5881,0.132
2021-09-21,0.181,0.6145,5.9032,4.0997,9.0565,-0.4913,0.4545,-0.6872,0.8086,2.34,0.995,0.1689,1.4271,4.8417,1.3543,2.7346,2.4975,4.725,6.6277,4.7388,2.0395,13.5168,0.8433,3.1333,0.59,0.1047
2021-09-22,0.2039,0.6268,5.9841999999999995,4.1608,10.3971,-0.4792,0.4779,-0.677,0.8049,2.33,0.995,0.1734,1.4518,4.8294,1.3626,2.5859,2.39,4.785,6.6078,4.6888,2.0309,13.007,0.8455,3.0773,0.5794,0.1115
2021-09-23,0.2134,0.681,6.0919,4.3294,9.6857,-0.4424,0.5743,-0.656,0.5266,2.335,1.045,0.1822,1.4695,4.8748000000000005,1.3848,2.5427999999999997,2.465,4.945,6.6331,4.8678,2.0745,12.6739,0.863,3.0573,0.5907,0.138
2021-09-24,0.2254,0.6922,6.185,4.4283,9.3277,-0.4755,0.5592,-0.6463,0.5285,2.33,1.13,0.1936,1.4712,4.9389,1.3799000000000001,2.5063,2.5,4.945,6.785,5.0829,2.0779,16.1929,0.8633,3.156,0.5972,0.1406
2021-09-27,0.2337,0.7133,6.3171,4.4454,9.8022,-0.4473,0.5781,-0.6455,1.051,2.375,1.175,0.1969,1.4658,4.968,1.3733,2.5212,2.4975,5.005,6.7003,5.0121,2.0647,14.8974,0.8782,3.1413,0.5889,0.1398
2021-09-28,0.2371,0.7335,6.3923,4.5399,10.0334,-0.4729,0.61,-0.6414,1.0792,2.375,1.2,0.205,1.4708999999999999,5.0224,1.3620999999999999,2.632,2.585,5.04,6.7215,5.0451,2.0776,14.6589,0.8966,3.1438,0.6409,0.1489
2021-09-29,0.2339,0.7488,6.4179,4.6503,9.771,-0.4942,0.6725,-0.6485,1.0708,2.3198,1.1686,0.2109,1.4295,4.9453,1.3734,2.6038,2.5659,5.045,6.6943,5.0639,2.0621,15.4245,0.9064,3.2074,0.6281,0.1912
2021-09-30,0.2254,0.7618,6.4128,4.6955,10.1315,-0.4622,0.6303,-0.6413,1.0687,2.8675,1.3025,0.2174,1.4394,4.8435,1.4055,2.6337,2.635,5.045,6.6472999999999995,5.4444,2.0473,15.6955,0.876,3.1972,0.7018,0.1926
2021-10-01,0.2456,0.724,6.5147,4.744,10.1133,-0.4866,0.6165,-0.6506,1.0389,2.27,1.505,0.2172,1.4223,4.9227,1.443,2.6805,2.8125,5.055,6.8885,5.0983,2.0361,15.3229,0.8723,2.8876,0.6914,0.1803
2021-10-04,0.2335,0.7501,6.6102,4.8455,10.0398,-0.4685,0.5948,-0.6499,1.0226,2.765,1.6,0.2078,1.3771,4.9733,1.4462,2.6778,2.9975,5.16,7.0042,5.2292,2.0398,15.3751,0.8707,2.9728,0.6946,0.1807
2021-10-05,0.2441,0.7479,6.6918,4.8812,10.2161,-0.4557,0.6728,-0.6476,1.0484,2.7675,1.62,0.2068,1.472,5.0265,1.4867,3.0253,2.855,5.245,7.08,5.4485,2.0704,13.8344,0.8815,2.7416,0.7175,0.1792
2021-10-06,0.2535,0.7583,6.631,4.9669,9.9191,-0.4621,0.6567,-0.637,1.0593,2.7268,2.3005,0.2218,1.5335,5.0336,1.5901999999999998,2.8079,2.9263,5.405,7.2978,5.3587,2.1178,14.9626,0.8794,2.5657,0.757,0.1737
2021-10-07,0.2665,0.8025,6.5763,5.0201,10.0404,-0.4559,0.7079,-0.6365,1.0489,2.715,2.245,0.2512,1.415,5.0473,1.5382,2.7693,2.8875,5.542,7.0258,5.3645,2.1244,14.827,0.8768,2.9049,0.7973,0.1725
2021-10-08,0.2868,0.8069,6.5881,5.2966,9.9565,-0.4329,0.7715,-0.6253,1.0424,2.7375,2.115,0.3001,1.4388,5.0633,1.5267,2.8783,2.9074999999999998,5.5793,6.9322,4.9372,2.1436,15.8993,0.8754,3.0651,0.7896,0.1691
2021-10-11,0.3105,0.8104,6.5869,5.2954,9.8602,-0.3943,0.888,-0.602,1.057,2.9050000000000002,2.21,,1.4844,5.134,1.5333,3.0535,2.9699999999999998,5.607,7.046,5.4549,2.1909,16.1113,0.8754,3.0535,0.8578,0.2074
2021-10-12,0.3178,0.9161,6.6129,5.3654,10.0456,-0.3999,0.8829,-0.597,1.0469,2.935,2.255,0.3367,1.5196,5.0881,1.6312,3.6503,2.9775,5.487,7.0489,5.5042,2.1705,16.5482,0.8968,3.0822,0.8507,0.1908
2021-10-13,0.3465,0.9794,6.5949,6.5558,9.687,-0.4534,0.9029,-0.6042,1.0579,2.8693999999999997,2.1904,0.326,1.5525,5.0632,1.6581000000000001,3.6344,3.0243,5.3469999999999995,6.9916,5.4164,2.1629,16.5456,0.904,3.2062,0.8512,0.199
2021-10-14,0.3465,0.9158,6.7064,5.6501,10.0934,-0.462,0.8606,-0.6089,1.0671,2.7925,2.075,0.3065,1.6024,5.1043,1.6743999999999999,4.1888,2.96,5.392,6.9474,5.502,2.1346,17.694,0.9136,3.1955999999999998,0.8492,0.2273
2021-10-15,0.3887,0.9631,6.8978,5.7942,10.24,-0.4342,0.9209,-0.6136,1.0695000000000001,2.8525,2.175,0.3614,1.6267,5.1043,1.6602000000000001,3.9183,2.9775,5.4192,6.9376999999999995,5.4045,2.1656,16.5924,0.8971,3.2461,0.9516,0.209
2021-10-18,0.4342,1.0854,7.0943,5.7788,10.2735,-0.4024,1.1481,-0.5665,1.1881,2.9425,2.3449999999999998,0.4856,2.0468,5.2552,1.7399,3.7467,3.1375,5.622,7.072,5.4395,2.1914,17.6003,0.9267,3.4195,1.0403,0.2642
2021-10-19,0.4236,1.0842,7.0753,5.6883,10.7231,-0.3861,1.1678,-0.563,1.1616,2.895,2.34,0.4951,1.9853,5.2555,1.7019,3.7039,3.06,5.627,7.0636,5.5997,2.1921,17.0516,0.9454,3.3689,0.9837,0.266
2021-10-20,0.4134,1.0317,7.0434,5.6704,11.9767,-0.3942,1.149,-0.5869,1.1363,2.8768000000000002,2.2406,0.4982,1.9205999999999999,5.2757,1.7141,3.6398,3.1715,5.482,7.0543,5.6492,2.2069,15.8554,0.9386,3.3569,0.9925,0.2463
2021-10-21,0.4615,1.0727,7.113,5.7337,11.4158,-0.377,1.1139000000000001,-0.5717,1.1331,2.89,2.335,0.4812,1.9604,5.2067,1.7032,3.6063,3.26,5.457,7.1932,5.9698,2.198,14.5272,0.9546,3.266,0.9638,0.2658
2021-10-22,0.4837,1.1861,7.1905,5.7051,11.4642,-0.4226,1.091,-0.5508,1.1411,2.935,2.3625,0.5433,2.022,5.2501999999999995,1.7570999999999999,3.5625999999999998,3.3449999999999998,5.4747,7.1204,6.2195,2.2414,20.4636,1.0084,3.1696,0.9578,0.2823
2021-10-25,0.4564,1.117,7.165,5.5486,11.973,-0.4427,1.0673,-0.5694,1.1391,2.9699999999999998,2.43,0.4988,2.0313,5.3977,1.7896999999999998,3.5631,3.42,5.417,7.0567,6.0748,2.2573,19.5664,1.0022,3.188,0.924,0.2744
2021-10-26,0.4772,1.1143,7.1653,5.4772,12.3185,-0.4477,1.0337,-0.5564,1.1392,2.8943,2.4275,0.5496,2.1237,5.4499,1.8524,3.5002,3.355,5.357,7.9959,6.1208,2.3407,19.0789,0.9677,3.1988,0.9274,0.2805
2021-10-27,0.5301,1.5592000000000001,7.2501,5.5163,14.1695,-0.31,1.0811,-0.5441,1.1471,2.8625,2.3002000000000002,0.8261,2.2909,5.4341,1.9583,3.585,3.3137,5.357,7.9058,6.1505,2.3375,18.8756,0.9956,3.2649,1.0022,0.3191
2021-10-28,0.5189,1.4245999999999999,7.434,5.5394,13.9106,-0.2747,1.2824,-0.4649,1.1822,2.8625,2.525,1.2131,2.4367,5.5756,1.9381,3.5719,3.305,5.552,8.2853,6.3203,2.5041,17.862,1.0189,3.3933,1.1444,0.4457
2021-10-29,0.5449,1.5286,7.503,5.6328,13.3288,-0.3229,1.27,-0.3698,1.2278,2.89,2.58,0.9733,2.5086,5.5873,2.015,3.6544,3.365,5.7705,8.3457,6.8586,2.5541,17.8307,1.0034,3.6265,1.1585,0.5038
2021-11-01,0.5405,1.431,7.6632,5.6227,13.4841,-0.3813,1.2711999999999999,-0.3881,1.2362,2.8575,2.56,0.9359,2.335,5.5868,2.0283,3.7032,3.365,5.767,8.3744,6.8189,2.5921,17.4841,1.0089,3.6264,1.1475,0.5177
2021-11-02,0.4666,1.4395,7.6624,5.6026,13.4895,-0.3086,1.2363,-0.4869,1.1851,2.79,2.66,0.8249,2.372,5.497,1.9777,3.9661,3.375,5.807,8.32,6.3803,2.567,17.5946,0.9943,3.6338,1.097,0.4577
2021-11-03,0.4847,1.4653,7.5989,5.6428,13.2123,-0.2308,1.2256,-0.4818,1.1927,2.8246,3.6203,0.838,2.3859,5.4485,1.9635,3.9625,3.3763,5.757,8.4212,6.652,2.4777,17.7368,0.9876,3.5088,1.0827,0.4354
2021-11-04,0.4405,1.3992,7.3886,5.692,13.4235,-0.4157,0.9374,-0.5663,1.1135,3.43,3.6550000000000002,0.7807,2.2264,5.451,1.951,3.9313000000000002,3.5075,5.667,8.3577,6.7617,2.481,17.5205,1.0045,3.3741,1.0756000000000001,0.3791
2021-11-05,0.4485,1.3189,7.211,5.5824,13.5475,-0.6349,0.9641,-0.5811,1.092,2.5300000000000002,2.7625,0.7264,2.2549,5.454,1.8759000000000001,3.9162,3.505,5.6002,8.439,6.7368,2.3933,17.4095,0.971,3.3592,1.0234,0.3627
